# JOID demo model: rounded box with smooth vertex normals and spherical texture coordinates

o RoundedBox

v 0.00000 -0.60000 0.00000
v 0.00000 -0.60000 0.00000
v 0.00000 -0.60000 0.00000
v 0.00000 -0.60000 0.00000
v 0.00000 -0.60000 0.00000
v 0.00000 -0.60000 0.00000
v 0.00000 -0.60000 0.00000
v 0.00000 -0.60000 0.00000
v 0.00000 -0.60000 0.00000
v 0.00000 -0.60000 0.00000
v 0.00000 -0.60000 0.00000
v 0.00000 -0.60000 0.00000
v 0.00000 -0.60000 0.00000
v 0.00000 -0.60000 0.00000
v 0.00000 -0.60000 0.00000
v 0.00000 -0.60000 0.00000
v 0.00000 -0.60000 0.00000
v 0.00000 -0.60000 0.00000
v 0.00000 -0.60000 0.00000
v 0.00000 -0.60000 0.00000
v 0.00000 -0.60000 0.00000
v 0.00000 -0.60000 0.00000
v 0.00000 -0.60000 0.00000
v 0.00000 -0.60000 0.00000
v 0.00000 -0.60000 0.00000
v 0.00000 -0.60000 0.00000
v 0.00000 -0.60000 0.00000
v 0.00000 -0.60000 0.00000
v 0.00000 -0.60000 0.00000
v 0.00000 -0.60000 0.00000
v 0.00000 -0.60000 0.00000
v 0.00000 -0.60000 0.00000
v 0.00000 -0.60000 0.00000
v 0.00000 -0.60000 0.00000
v 0.00000 -0.60000 0.00000
v 0.00000 -0.60000 0.00000
v 0.00000 -0.60000 0.00000
v 0.00000 -0.60000 0.00000
v 0.00000 -0.60000 0.00000
v 0.00000 -0.60000 0.00000
v 0.00000 -0.60000 0.00000
v -0.32855 -0.59556 0.00000
v -0.32612 -0.59556 -0.06477
v -0.31880 -0.59556 -0.09744
v -0.30657 -0.59556 -0.12274
v -0.28932 -0.59556 -0.14331
v -0.26686 -0.59556 -0.16012
v -0.23885 -0.59556 -0.17359
v -0.20456 -0.59556 -0.18394
v -0.16240 -0.59556 -0.19128
v -0.10794 -0.59556 -0.19567
v 0.00000 -0.59556 -0.19713
v 0.10794 -0.59556 -0.19567
v 0.16240 -0.59556 -0.19128
v 0.20456 -0.59556 -0.18394
v 0.23885 -0.59556 -0.17359
v 0.26686 -0.59556 -0.16012
v 0.28932 -0.59556 -0.14331
v 0.30657 -0.59556 -0.12274
v 0.31880 -0.59556 -0.09744
v 0.32612 -0.59556 -0.06477
v 0.32855 -0.59556 0.00000
v 0.32612 -0.59556 0.06477
v 0.31880 -0.59556 0.09744
v 0.30657 -0.59556 0.12274
v 0.28932 -0.59556 0.14331
v 0.26686 -0.59556 0.16012
v 0.23885 -0.59556 0.17359
v 0.20456 -0.59556 0.18394
v 0.16240 -0.59556 0.19128
v 0.10794 -0.59556 0.19567
v 0.00000 -0.59556 0.19713
v -0.10794 -0.59556 0.19567
v -0.16240 -0.59556 0.19128
v -0.20456 -0.59556 0.18394
v -0.23885 -0.59556 0.17359
v -0.26686 -0.59556 0.16012
v -0.28932 -0.59556 0.14331
v -0.30657 -0.59556 0.12274
v -0.31880 -0.59556 0.09744
v -0.32612 -0.59556 0.06477
v -0.32855 -0.59556 0.00000
v -0.49430 -0.58220 0.00000
v -0.49064 -0.58220 -0.09744
v -0.47964 -0.58220 -0.14660
v -0.46123 -0.58220 -0.18466
v -0.43528 -0.58220 -0.21561
v -0.40150 -0.58220 -0.24090
v -0.35935 -0.58220 -0.26117
v -0.30776 -0.58220 -0.27674
v -0.24433 -0.58220 -0.28778
v -0.16240 -0.58220 -0.29438
v 0.00000 -0.58220 -0.29658
v 0.16240 -0.58220 -0.29438
v 0.24433 -0.58220 -0.28778
v 0.30776 -0.58220 -0.27674
v 0.35935 -0.58220 -0.26117
v 0.40150 -0.58220 -0.24090
v 0.43528 -0.58220 -0.21561
v 0.46123 -0.58220 -0.18466
v 0.47964 -0.58220 -0.14660
v 0.49064 -0.58220 -0.09744
v 0.49430 -0.58220 0.00000
v 0.49064 -0.58220 0.09744
v 0.47964 -0.58220 0.14660
v 0.46123 -0.58220 0.18466
v 0.43528 -0.58220 0.21561
v 0.40150 -0.58220 0.24090
v 0.35935 -0.58220 0.26117
v 0.30776 -0.58220 0.27674
v 0.24433 -0.58220 0.28778
v 0.16240 -0.58220 0.29438
v 0.00000 -0.58220 0.29658
v -0.16240 -0.58220 0.29438
v -0.24433 -0.58220 0.28778
v -0.30776 -0.58220 0.27674
v -0.35935 -0.58220 0.26117
v -0.40150 -0.58220 0.24090
v -0.43528 -0.58220 0.21561
v -0.46123 -0.58220 0.18466
v -0.47964 -0.58220 0.14660
v -0.49064 -0.58220 0.09744
v -0.49430 -0.58220 0.00000
v -0.62263 -0.55986 0.00000
v -0.61802 -0.55986 -0.12274
v -0.60416 -0.55986 -0.18466
v -0.58097 -0.55986 -0.23260
v -0.54828 -0.55986 -0.27159
v -0.50573 -0.55986 -0.30344
v -0.45265 -0.55986 -0.32897
v -0.38766 -0.55986 -0.34858
v -0.30776 -0.55986 -0.36250
v -0.20456 -0.55986 -0.37081
v 0.00000 -0.55986 -0.37358
v 0.20456 -0.55986 -0.37081
v 0.30776 -0.55986 -0.36250
v 0.38766 -0.55986 -0.34858
v 0.45265 -0.55986 -0.32897
v 0.50573 -0.55986 -0.30344
v 0.54828 -0.55986 -0.27159
v 0.58097 -0.55986 -0.23260
v 0.60416 -0.55986 -0.18466
v 0.61802 -0.55986 -0.12274
v 0.62263 -0.55986 0.00000
v 0.61802 -0.55986 0.12274
v 0.60416 -0.55986 0.18466
v 0.58097 -0.55986 0.23260
v 0.54828 -0.55986 0.27159
v 0.50573 -0.55986 0.30344
v 0.45265 -0.55986 0.32897
v 0.38766 -0.55986 0.34858
v 0.30776 -0.55986 0.36250
v 0.20456 -0.55986 0.37081
v 0.00000 -0.55986 0.37358
v -0.20456 -0.55986 0.37081
v -0.30776 -0.55986 0.36250
v -0.38766 -0.55986 0.34858
v -0.45265 -0.55986 0.32897
v -0.50573 -0.55986 0.30344
v -0.54828 -0.55986 0.27159
v -0.58097 -0.55986 0.23260
v -0.60416 -0.55986 0.18466
v -0.61802 -0.55986 0.12274
v -0.62263 -0.55986 0.00000
v -0.72699 -0.52836 0.00000
v -0.72161 -0.52836 -0.14331
v -0.70543 -0.52836 -0.21561
v -0.67836 -0.52836 -0.27159
v -0.64019 -0.52836 -0.31711
v -0.59050 -0.52836 -0.35430
v -0.52852 -0.52836 -0.38411
v -0.45265 -0.52836 -0.40702
v -0.35935 -0.52836 -0.42326
v -0.23885 -0.52836 -0.43297
v 0.00000 -0.52836 -0.43620
v 0.23885 -0.52836 -0.43297
v 0.35935 -0.52836 -0.42326
v 0.45265 -0.52836 -0.40702
v 0.52852 -0.52836 -0.38411
v 0.59050 -0.52836 -0.35430
v 0.64019 -0.52836 -0.31711
v 0.67836 -0.52836 -0.27159
v 0.70543 -0.52836 -0.21561
v 0.72161 -0.52836 -0.14331
v 0.72699 -0.52836 0.00000
v 0.72161 -0.52836 0.14331
v 0.70543 -0.52836 0.21561
v 0.67836 -0.52836 0.27159
v 0.64019 -0.52836 0.31711
v 0.59050 -0.52836 0.35430
v 0.52852 -0.52836 0.38411
v 0.45265 -0.52836 0.40702
v 0.35935 -0.52836 0.42326
v 0.23885 -0.52836 0.43297
v 0.00000 -0.52836 0.43620
v -0.23885 -0.52836 0.43297
v -0.35935 -0.52836 0.42326
v -0.45265 -0.52836 0.40702
v -0.52852 -0.52836 0.38411
v -0.59050 -0.52836 0.35430
v -0.64019 -0.52836 0.31711
v -0.67836 -0.52836 0.27159
v -0.70543 -0.52836 0.21561
v -0.72161 -0.52836 0.14331
v -0.72699 -0.52836 0.00000
v -0.81225 -0.48735 0.00000
v -0.80624 -0.48735 -0.16012
v -0.78816 -0.48735 -0.24090
v -0.75791 -0.48735 -0.30344
v -0.71526 -0.48735 -0.35430
v -0.65975 -0.48735 -0.39585
v -0.59050 -0.48735 -0.42916
v -0.50573 -0.48735 -0.45475
v -0.40150 -0.48735 -0.47290
v -0.26686 -0.48735 -0.48374
v 0.00000 -0.48735 -0.48735
v 0.26686 -0.48735 -0.48374
v 0.40150 -0.48735 -0.47290
v 0.50573 -0.48735 -0.45475
v 0.59050 -0.48735 -0.42916
v 0.65975 -0.48735 -0.39585
v 0.71526 -0.48735 -0.35430
v 0.75791 -0.48735 -0.30344
v 0.78816 -0.48735 -0.24090
v 0.80624 -0.48735 -0.16012
v 0.81225 -0.48735 0.00000
v 0.80624 -0.48735 0.16012
v 0.78816 -0.48735 0.24090
v 0.75791 -0.48735 0.30344
v 0.71526 -0.48735 0.35430
v 0.65975 -0.48735 0.39585
v 0.59050 -0.48735 0.42916
v 0.50573 -0.48735 0.45475
v 0.40150 -0.48735 0.47290
v 0.26686 -0.48735 0.48374
v 0.00000 -0.48735 0.48735
v -0.26686 -0.48735 0.48374
v -0.40150 -0.48735 0.47290
v -0.50573 -0.48735 0.45475
v -0.59050 -0.48735 0.42916
v -0.65975 -0.48735 0.39585
v -0.71526 -0.48735 0.35430
v -0.75791 -0.48735 0.30344
v -0.78816 -0.48735 0.24090
v -0.80624 -0.48735 0.16012
v -0.81225 -0.48735 0.00000
v -0.88059 -0.43620 0.00000
v -0.87407 -0.43620 -0.17359
v -0.85447 -0.43620 -0.26117
v -0.82168 -0.43620 -0.32897
v -0.77544 -0.43620 -0.38411
v -0.71526 -0.43620 -0.42916
v -0.64019 -0.43620 -0.46527
v -0.54828 -0.43620 -0.49301
v -0.43528 -0.43620 -0.51268
v -0.28932 -0.43620 -0.52444
v 0.00000 -0.43620 -0.52836
v 0.28932 -0.43620 -0.52444
v 0.43528 -0.43620 -0.51268
v 0.54828 -0.43620 -0.49301
v 0.64019 -0.43620 -0.46527
v 0.71526 -0.43620 -0.42916
v 0.77544 -0.43620 -0.38411
v 0.82168 -0.43620 -0.32897
v 0.85447 -0.43620 -0.26117
v 0.87407 -0.43620 -0.17359
v 0.88059 -0.43620 0.00000
v 0.87407 -0.43620 0.17359
v 0.85447 -0.43620 0.26117
v 0.82168 -0.43620 0.32897
v 0.77544 -0.43620 0.38411
v 0.71526 -0.43620 0.42916
v 0.64019 -0.43620 0.46527
v 0.54828 -0.43620 0.49301
v 0.43528 -0.43620 0.51268
v 0.28932 -0.43620 0.52444
v 0.00000 -0.43620 0.52836
v -0.28932 -0.43620 0.52444
v -0.43528 -0.43620 0.51268
v -0.54828 -0.43620 0.49301
v -0.64019 -0.43620 0.46527
v -0.71526 -0.43620 0.42916
v -0.77544 -0.43620 0.38411
v -0.82168 -0.43620 0.32897
v -0.85447 -0.43620 0.26117
v -0.87407 -0.43620 0.17359
v -0.88059 -0.43620 0.00000
v -0.93310 -0.37358 0.00000
v -0.92619 -0.37358 -0.18394
v -0.90542 -0.37358 -0.27674
v -0.87068 -0.37358 -0.34858
v -0.82168 -0.37358 -0.40702
v -0.75791 -0.37358 -0.45475
v -0.67836 -0.37358 -0.49301
v -0.58097 -0.37358 -0.52241
v -0.46123 -0.37358 -0.54325
v -0.30657 -0.37358 -0.55571
v 0.00000 -0.37358 -0.55986
v 0.30657 -0.37358 -0.55571
v 0.46123 -0.37358 -0.54325
v 0.58097 -0.37358 -0.52241
v 0.67836 -0.37358 -0.49301
v 0.75791 -0.37358 -0.45475
v 0.82168 -0.37358 -0.40702
v 0.87068 -0.37358 -0.34858
v 0.90542 -0.37358 -0.27674
v 0.92619 -0.37358 -0.18394
v 0.93310 -0.37358 0.00000
v 0.92619 -0.37358 0.18394
v 0.90542 -0.37358 0.27674
v 0.87068 -0.37358 0.34858
v 0.82168 -0.37358 0.40702
v 0.75791 -0.37358 0.45475
v 0.67836 -0.37358 0.49301
v 0.58097 -0.37358 0.52241
v 0.46123 -0.37358 0.54325
v 0.30657 -0.37358 0.55571
v 0.00000 -0.37358 0.55986
v -0.30657 -0.37358 0.55571
v -0.46123 -0.37358 0.54325
v -0.58097 -0.37358 0.52241
v -0.67836 -0.37358 0.49301
v -0.75791 -0.37358 0.45475
v -0.82168 -0.37358 0.40702
v -0.87068 -0.37358 0.34858
v -0.90542 -0.37358 0.27674
v -0.92619 -0.37358 0.18394
v -0.93310 -0.37358 0.00000
v -0.97034 -0.29658 0.00000
v -0.96315 -0.29658 -0.19128
v -0.94156 -0.29658 -0.28778
v -0.90542 -0.29658 -0.36250
v -0.85447 -0.29658 -0.42326
v -0.78816 -0.29658 -0.47290
v -0.70543 -0.29658 -0.51268
v -0.60416 -0.29658 -0.54325
v -0.47964 -0.29658 -0.56494
v -0.31880 -0.29658 -0.57789
v 0.00000 -0.29658 -0.58220
v 0.31880 -0.29658 -0.57789
v 0.47964 -0.29658 -0.56494
v 0.60416 -0.29658 -0.54325
v 0.70543 -0.29658 -0.51268
v 0.78816 -0.29658 -0.47290
v 0.85447 -0.29658 -0.42326
v 0.90542 -0.29658 -0.36250
v 0.94156 -0.29658 -0.28778
v 0.96315 -0.29658 -0.19128
v 0.97034 -0.29658 0.00000
v 0.96315 -0.29658 0.19128
v 0.94156 -0.29658 0.28778
v 0.90542 -0.29658 0.36250
v 0.85447 -0.29658 0.42326
v 0.78816 -0.29658 0.47290
v 0.70543 -0.29658 0.51268
v 0.60416 -0.29658 0.54325
v 0.47964 -0.29658 0.56494
v 0.31880 -0.29658 0.57789
v 0.00000 -0.29658 0.58220
v -0.31880 -0.29658 0.57789
v -0.47964 -0.29658 0.56494
v -0.60416 -0.29658 0.54325
v -0.70543 -0.29658 0.51268
v -0.78816 -0.29658 0.47290
v -0.85447 -0.29658 0.42326
v -0.90542 -0.29658 0.36250
v -0.94156 -0.29658 0.28778
v -0.96315 -0.29658 0.19128
v -0.97034 -0.29658 0.00000
v -0.99259 -0.19713 0.00000
v -0.98524 -0.19713 -0.19567
v -0.96315 -0.19713 -0.29438
v -0.92619 -0.19713 -0.37081
v -0.87407 -0.19713 -0.43297
v -0.80624 -0.19713 -0.48374
v -0.72161 -0.19713 -0.52444
v -0.61802 -0.19713 -0.55571
v -0.49064 -0.19713 -0.57789
v -0.32612 -0.19713 -0.59115
v 0.00000 -0.19713 -0.59556
v 0.32612 -0.19713 -0.59115
v 0.49064 -0.19713 -0.57789
v 0.61802 -0.19713 -0.55571
v 0.72161 -0.19713 -0.52444
v 0.80624 -0.19713 -0.48374
v 0.87407 -0.19713 -0.43297
v 0.92619 -0.19713 -0.37081
v 0.96315 -0.19713 -0.29438
v 0.98524 -0.19713 -0.19567
v 0.99259 -0.19713 0.00000
v 0.98524 -0.19713 0.19567
v 0.96315 -0.19713 0.29438
v 0.92619 -0.19713 0.37081
v 0.87407 -0.19713 0.43297
v 0.80624 -0.19713 0.48374
v 0.72161 -0.19713 0.52444
v 0.61802 -0.19713 0.55571
v 0.49064 -0.19713 0.57789
v 0.32612 -0.19713 0.59115
v 0.00000 -0.19713 0.59556
v -0.32612 -0.19713 0.59115
v -0.49064 -0.19713 0.57789
v -0.61802 -0.19713 0.55571
v -0.72161 -0.19713 0.52444
v -0.80624 -0.19713 0.48374
v -0.87407 -0.19713 0.43297
v -0.92619 -0.19713 0.37081
v -0.96315 -0.19713 0.29438
v -0.98524 -0.19713 0.19567
v -0.99259 -0.19713 0.00000
v -1.00000 0.00000 0.00000
v -0.99259 0.00000 -0.19713
v -0.97034 0.00000 -0.29658
v -0.93310 0.00000 -0.37358
v -0.88059 0.00000 -0.43620
v -0.81225 0.00000 -0.48735
v -0.72699 0.00000 -0.52836
v -0.62263 0.00000 -0.55986
v -0.49430 0.00000 -0.58220
v -0.32855 0.00000 -0.59556
v 0.00000 0.00000 -0.60000
v 0.32855 0.00000 -0.59556
v 0.49430 0.00000 -0.58220
v 0.62263 0.00000 -0.55986
v 0.72699 0.00000 -0.52836
v 0.81225 0.00000 -0.48735
v 0.88059 0.00000 -0.43620
v 0.93310 0.00000 -0.37358
v 0.97034 0.00000 -0.29658
v 0.99259 0.00000 -0.19713
v 1.00000 0.00000 0.00000
v 0.99259 0.00000 0.19713
v 0.97034 0.00000 0.29658
v 0.93310 0.00000 0.37358
v 0.88059 0.00000 0.43620
v 0.81225 0.00000 0.48735
v 0.72699 0.00000 0.52836
v 0.62263 0.00000 0.55986
v 0.49430 0.00000 0.58220
v 0.32855 0.00000 0.59556
v 0.00000 0.00000 0.60000
v -0.32855 0.00000 0.59556
v -0.49430 0.00000 0.58220
v -0.62263 0.00000 0.55986
v -0.72699 0.00000 0.52836
v -0.81225 0.00000 0.48735
v -0.88059 0.00000 0.43620
v -0.93310 0.00000 0.37358
v -0.97034 0.00000 0.29658
v -0.99259 0.00000 0.19713
v -1.00000 0.00000 0.00000
v -0.99259 0.19713 0.00000
v -0.98524 0.19713 -0.19567
v -0.96315 0.19713 -0.29438
v -0.92619 0.19713 -0.37081
v -0.87407 0.19713 -0.43297
v -0.80624 0.19713 -0.48374
v -0.72161 0.19713 -0.52444
v -0.61802 0.19713 -0.55571
v -0.49064 0.19713 -0.57789
v -0.32612 0.19713 -0.59115
v 0.00000 0.19713 -0.59556
v 0.32612 0.19713 -0.59115
v 0.49064 0.19713 -0.57789
v 0.61802 0.19713 -0.55571
v 0.72161 0.19713 -0.52444
v 0.80624 0.19713 -0.48374
v 0.87407 0.19713 -0.43297
v 0.92619 0.19713 -0.37081
v 0.96315 0.19713 -0.29438
v 0.98524 0.19713 -0.19567
v 0.99259 0.19713 0.00000
v 0.98524 0.19713 0.19567
v 0.96315 0.19713 0.29438
v 0.92619 0.19713 0.37081
v 0.87407 0.19713 0.43297
v 0.80624 0.19713 0.48374
v 0.72161 0.19713 0.52444
v 0.61802 0.19713 0.55571
v 0.49064 0.19713 0.57789
v 0.32612 0.19713 0.59115
v 0.00000 0.19713 0.59556
v -0.32612 0.19713 0.59115
v -0.49064 0.19713 0.57789
v -0.61802 0.19713 0.55571
v -0.72161 0.19713 0.52444
v -0.80624 0.19713 0.48374
v -0.87407 0.19713 0.43297
v -0.92619 0.19713 0.37081
v -0.96315 0.19713 0.29438
v -0.98524 0.19713 0.19567
v -0.99259 0.19713 0.00000
v -0.97034 0.29658 0.00000
v -0.96315 0.29658 -0.19128
v -0.94156 0.29658 -0.28778
v -0.90542 0.29658 -0.36250
v -0.85447 0.29658 -0.42326
v -0.78816 0.29658 -0.47290
v -0.70543 0.29658 -0.51268
v -0.60416 0.29658 -0.54325
v -0.47964 0.29658 -0.56494
v -0.31880 0.29658 -0.57789
v 0.00000 0.29658 -0.58220
v 0.31880 0.29658 -0.57789
v 0.47964 0.29658 -0.56494
v 0.60416 0.29658 -0.54325
v 0.70543 0.29658 -0.51268
v 0.78816 0.29658 -0.47290
v 0.85447 0.29658 -0.42326
v 0.90542 0.29658 -0.36250
v 0.94156 0.29658 -0.28778
v 0.96315 0.29658 -0.19128
v 0.97034 0.29658 0.00000
v 0.96315 0.29658 0.19128
v 0.94156 0.29658 0.28778
v 0.90542 0.29658 0.36250
v 0.85447 0.29658 0.42326
v 0.78816 0.29658 0.47290
v 0.70543 0.29658 0.51268
v 0.60416 0.29658 0.54325
v 0.47964 0.29658 0.56494
v 0.31880 0.29658 0.57789
v 0.00000 0.29658 0.58220
v -0.31880 0.29658 0.57789
v -0.47964 0.29658 0.56494
v -0.60416 0.29658 0.54325
v -0.70543 0.29658 0.51268
v -0.78816 0.29658 0.47290
v -0.85447 0.29658 0.42326
v -0.90542 0.29658 0.36250
v -0.94156 0.29658 0.28778
v -0.96315 0.29658 0.19128
v -0.97034 0.29658 0.00000
v -0.93310 0.37358 0.00000
v -0.92619 0.37358 -0.18394
v -0.90542 0.37358 -0.27674
v -0.87068 0.37358 -0.34858
v -0.82168 0.37358 -0.40702
v -0.75791 0.37358 -0.45475
v -0.67836 0.37358 -0.49301
v -0.58097 0.37358 -0.52241
v -0.46123 0.37358 -0.54325
v -0.30657 0.37358 -0.55571
v 0.00000 0.37358 -0.55986
v 0.30657 0.37358 -0.55571
v 0.46123 0.37358 -0.54325
v 0.58097 0.37358 -0.52241
v 0.67836 0.37358 -0.49301
v 0.75791 0.37358 -0.45475
v 0.82168 0.37358 -0.40702
v 0.87068 0.37358 -0.34858
v 0.90542 0.37358 -0.27674
v 0.92619 0.37358 -0.18394
v 0.93310 0.37358 0.00000
v 0.92619 0.37358 0.18394
v 0.90542 0.37358 0.27674
v 0.87068 0.37358 0.34858
v 0.82168 0.37358 0.40702
v 0.75791 0.37358 0.45475
v 0.67836 0.37358 0.49301
v 0.58097 0.37358 0.52241
v 0.46123 0.37358 0.54325
v 0.30657 0.37358 0.55571
v 0.00000 0.37358 0.55986
v -0.30657 0.37358 0.55571
v -0.46123 0.37358 0.54325
v -0.58097 0.37358 0.52241
v -0.67836 0.37358 0.49301
v -0.75791 0.37358 0.45475
v -0.82168 0.37358 0.40702
v -0.87068 0.37358 0.34858
v -0.90542 0.37358 0.27674
v -0.92619 0.37358 0.18394
v -0.93310 0.37358 0.00000
v -0.88059 0.43620 0.00000
v -0.87407 0.43620 -0.17359
v -0.85447 0.43620 -0.26117
v -0.82168 0.43620 -0.32897
v -0.77544 0.43620 -0.38411
v -0.71526 0.43620 -0.42916
v -0.64019 0.43620 -0.46527
v -0.54828 0.43620 -0.49301
v -0.43528 0.43620 -0.51268
v -0.28932 0.43620 -0.52444
v 0.00000 0.43620 -0.52836
v 0.28932 0.43620 -0.52444
v 0.43528 0.43620 -0.51268
v 0.54828 0.43620 -0.49301
v 0.64019 0.43620 -0.46527
v 0.71526 0.43620 -0.42916
v 0.77544 0.43620 -0.38411
v 0.82168 0.43620 -0.32897
v 0.85447 0.43620 -0.26117
v 0.87407 0.43620 -0.17359
v 0.88059 0.43620 0.00000
v 0.87407 0.43620 0.17359
v 0.85447 0.43620 0.26117
v 0.82168 0.43620 0.32897
v 0.77544 0.43620 0.38411
v 0.71526 0.43620 0.42916
v 0.64019 0.43620 0.46527
v 0.54828 0.43620 0.49301
v 0.43528 0.43620 0.51268
v 0.28932 0.43620 0.52444
v 0.00000 0.43620 0.52836
v -0.28932 0.43620 0.52444
v -0.43528 0.43620 0.51268
v -0.54828 0.43620 0.49301
v -0.64019 0.43620 0.46527
v -0.71526 0.43620 0.42916
v -0.77544 0.43620 0.38411
v -0.82168 0.43620 0.32897
v -0.85447 0.43620 0.26117
v -0.87407 0.43620 0.17359
v -0.88059 0.43620 0.00000
v -0.81225 0.48735 0.00000
v -0.80624 0.48735 -0.16012
v -0.78816 0.48735 -0.24090
v -0.75791 0.48735 -0.30344
v -0.71526 0.48735 -0.35430
v -0.65975 0.48735 -0.39585
v -0.59050 0.48735 -0.42916
v -0.50573 0.48735 -0.45475
v -0.40150 0.48735 -0.47290
v -0.26686 0.48735 -0.48374
v 0.00000 0.48735 -0.48735
v 0.26686 0.48735 -0.48374
v 0.40150 0.48735 -0.47290
v 0.50573 0.48735 -0.45475
v 0.59050 0.48735 -0.42916
v 0.65975 0.48735 -0.39585
v 0.71526 0.48735 -0.35430
v 0.75791 0.48735 -0.30344
v 0.78816 0.48735 -0.24090
v 0.80624 0.48735 -0.16012
v 0.81225 0.48735 0.00000
v 0.80624 0.48735 0.16012
v 0.78816 0.48735 0.24090
v 0.75791 0.48735 0.30344
v 0.71526 0.48735 0.35430
v 0.65975 0.48735 0.39585
v 0.59050 0.48735 0.42916
v 0.50573 0.48735 0.45475
v 0.40150 0.48735 0.47290
v 0.26686 0.48735 0.48374
v 0.00000 0.48735 0.48735
v -0.26686 0.48735 0.48374
v -0.40150 0.48735 0.47290
v -0.50573 0.48735 0.45475
v -0.59050 0.48735 0.42916
v -0.65975 0.48735 0.39585
v -0.71526 0.48735 0.35430
v -0.75791 0.48735 0.30344
v -0.78816 0.48735 0.24090
v -0.80624 0.48735 0.16012
v -0.81225 0.48735 0.00000
v -0.72699 0.52836 0.00000
v -0.72161 0.52836 -0.14331
v -0.70543 0.52836 -0.21561
v -0.67836 0.52836 -0.27159
v -0.64019 0.52836 -0.31711
v -0.59050 0.52836 -0.35430
v -0.52852 0.52836 -0.38411
v -0.45265 0.52836 -0.40702
v -0.35935 0.52836 -0.42326
v -0.23885 0.52836 -0.43297
v 0.00000 0.52836 -0.43620
v 0.23885 0.52836 -0.43297
v 0.35935 0.52836 -0.42326
v 0.45265 0.52836 -0.40702
v 0.52852 0.52836 -0.38411
v 0.59050 0.52836 -0.35430
v 0.64019 0.52836 -0.31711
v 0.67836 0.52836 -0.27159
v 0.70543 0.52836 -0.21561
v 0.72161 0.52836 -0.14331
v 0.72699 0.52836 0.00000
v 0.72161 0.52836 0.14331
v 0.70543 0.52836 0.21561
v 0.67836 0.52836 0.27159
v 0.64019 0.52836 0.31711
v 0.59050 0.52836 0.35430
v 0.52852 0.52836 0.38411
v 0.45265 0.52836 0.40702
v 0.35935 0.52836 0.42326
v 0.23885 0.52836 0.43297
v 0.00000 0.52836 0.43620
v -0.23885 0.52836 0.43297
v -0.35935 0.52836 0.42326
v -0.45265 0.52836 0.40702
v -0.52852 0.52836 0.38411
v -0.59050 0.52836 0.35430
v -0.64019 0.52836 0.31711
v -0.67836 0.52836 0.27159
v -0.70543 0.52836 0.21561
v -0.72161 0.52836 0.14331
v -0.72699 0.52836 0.00000
v -0.62263 0.55986 0.00000
v -0.61802 0.55986 -0.12274
v -0.60416 0.55986 -0.18466
v -0.58097 0.55986 -0.23260
v -0.54828 0.55986 -0.27159
v -0.50573 0.55986 -0.30344
v -0.45265 0.55986 -0.32897
v -0.38766 0.55986 -0.34858
v -0.30776 0.55986 -0.36250
v -0.20456 0.55986 -0.37081
v 0.00000 0.55986 -0.37358
v 0.20456 0.55986 -0.37081
v 0.30776 0.55986 -0.36250
v 0.38766 0.55986 -0.34858
v 0.45265 0.55986 -0.32897
v 0.50573 0.55986 -0.30344
v 0.54828 0.55986 -0.27159
v 0.58097 0.55986 -0.23260
v 0.60416 0.55986 -0.18466
v 0.61802 0.55986 -0.12274
v 0.62263 0.55986 0.00000
v 0.61802 0.55986 0.12274
v 0.60416 0.55986 0.18466
v 0.58097 0.55986 0.23260
v 0.54828 0.55986 0.27159
v 0.50573 0.55986 0.30344
v 0.45265 0.55986 0.32897
v 0.38766 0.55986 0.34858
v 0.30776 0.55986 0.36250
v 0.20456 0.55986 0.37081
v 0.00000 0.55986 0.37358
v -0.20456 0.55986 0.37081
v -0.30776 0.55986 0.36250
v -0.38766 0.55986 0.34858
v -0.45265 0.55986 0.32897
v -0.50573 0.55986 0.30344
v -0.54828 0.55986 0.27159
v -0.58097 0.55986 0.23260
v -0.60416 0.55986 0.18466
v -0.61802 0.55986 0.12274
v -0.62263 0.55986 0.00000
v -0.49430 0.58220 0.00000
v -0.49064 0.58220 -0.09744
v -0.47964 0.58220 -0.14660
v -0.46123 0.58220 -0.18466
v -0.43528 0.58220 -0.21561
v -0.40150 0.58220 -0.24090
v -0.35935 0.58220 -0.26117
v -0.30776 0.58220 -0.27674
v -0.24433 0.58220 -0.28778
v -0.16240 0.58220 -0.29438
v 0.00000 0.58220 -0.29658
v 0.16240 0.58220 -0.29438
v 0.24433 0.58220 -0.28778
v 0.30776 0.58220 -0.27674
v 0.35935 0.58220 -0.26117
v 0.40150 0.58220 -0.24090
v 0.43528 0.58220 -0.21561
v 0.46123 0.58220 -0.18466
v 0.47964 0.58220 -0.14660
v 0.49064 0.58220 -0.09744
v 0.49430 0.58220 0.00000
v 0.49064 0.58220 0.09744
v 0.47964 0.58220 0.14660
v 0.46123 0.58220 0.18466
v 0.43528 0.58220 0.21561
v 0.40150 0.58220 0.24090
v 0.35935 0.58220 0.26117
v 0.30776 0.58220 0.27674
v 0.24433 0.58220 0.28778
v 0.16240 0.58220 0.29438
v 0.00000 0.58220 0.29658
v -0.16240 0.58220 0.29438
v -0.24433 0.58220 0.28778
v -0.30776 0.58220 0.27674
v -0.35935 0.58220 0.26117
v -0.40150 0.58220 0.24090
v -0.43528 0.58220 0.21561
v -0.46123 0.58220 0.18466
v -0.47964 0.58220 0.14660
v -0.49064 0.58220 0.09744
v -0.49430 0.58220 0.00000
v -0.32855 0.59556 0.00000
v -0.32612 0.59556 -0.06477
v -0.31880 0.59556 -0.09744
v -0.30657 0.59556 -0.12274
v -0.28932 0.59556 -0.14331
v -0.26686 0.59556 -0.16012
v -0.23885 0.59556 -0.17359
v -0.20456 0.59556 -0.18394
v -0.16240 0.59556 -0.19128
v -0.10794 0.59556 -0.19567
v 0.00000 0.59556 -0.19713
v 0.10794 0.59556 -0.19567
v 0.16240 0.59556 -0.19128
v 0.20456 0.59556 -0.18394
v 0.23885 0.59556 -0.17359
v 0.26686 0.59556 -0.16012
v 0.28932 0.59556 -0.14331
v 0.30657 0.59556 -0.12274
v 0.31880 0.59556 -0.09744
v 0.32612 0.59556 -0.06477
v 0.32855 0.59556 0.00000
v 0.32612 0.59556 0.06477
v 0.31880 0.59556 0.09744
v 0.30657 0.59556 0.12274
v 0.28932 0.59556 0.14331
v 0.26686 0.59556 0.16012
v 0.23885 0.59556 0.17359
v 0.20456 0.59556 0.18394
v 0.16240 0.59556 0.19128
v 0.10794 0.59556 0.19567
v 0.00000 0.59556 0.19713
v -0.10794 0.59556 0.19567
v -0.16240 0.59556 0.19128
v -0.20456 0.59556 0.18394
v -0.23885 0.59556 0.17359
v -0.26686 0.59556 0.16012
v -0.28932 0.59556 0.14331
v -0.30657 0.59556 0.12274
v -0.31880 0.59556 0.09744
v -0.32612 0.59556 0.06477
v -0.32855 0.59556 0.00000
v 0.00000 0.60000 0.00000
v 0.00000 0.60000 0.00000
v 0.00000 0.60000 0.00000
v 0.00000 0.60000 0.00000
v 0.00000 0.60000 0.00000
v 0.00000 0.60000 0.00000
v 0.00000 0.60000 0.00000
v 0.00000 0.60000 0.00000
v 0.00000 0.60000 0.00000
v 0.00000 0.60000 0.00000
v 0.00000 0.60000 0.00000
v 0.00000 0.60000 0.00000
v 0.00000 0.60000 0.00000
v 0.00000 0.60000 0.00000
v 0.00000 0.60000 0.00000
v 0.00000 0.60000 0.00000
v 0.00000 0.60000 0.00000
v 0.00000 0.60000 0.00000
v 0.00000 0.60000 0.00000
v 0.00000 0.60000 0.00000
v 0.00000 0.60000 0.00000
v 0.00000 0.60000 0.00000
v 0.00000 0.60000 0.00000
v 0.00000 0.60000 0.00000
v 0.00000 0.60000 0.00000
v 0.00000 0.60000 0.00000
v 0.00000 0.60000 0.00000
v 0.00000 0.60000 0.00000
v 0.00000 0.60000 0.00000
v 0.00000 0.60000 0.00000
v 0.00000 0.60000 0.00000
v 0.00000 0.60000 0.00000
v 0.00000 0.60000 0.00000
v 0.00000 0.60000 0.00000
v 0.00000 0.60000 0.00000
v 0.00000 0.60000 0.00000
v 0.00000 0.60000 0.00000
v 0.00000 0.60000 0.00000
v 0.00000 0.60000 0.00000
v 0.00000 0.60000 0.00000
v 0.00000 0.60000 0.00000

vn 0.00000 -1.00000 0.00000
vn 0.00000 -1.00000 0.00000
vn 0.00000 -1.00000 0.00000
vn 0.00000 -1.00000 0.00000
vn 0.00000 -1.00000 0.00000
vn 0.00000 -1.00000 0.00000
vn 0.00000 -1.00000 0.00000
vn 0.00000 -1.00000 0.00000
vn 0.00000 -1.00000 0.00000
vn 0.00000 -1.00000 0.00000
vn 0.00000 -1.00000 0.00000
vn 0.00000 -1.00000 0.00000
vn 0.00000 -1.00000 0.00000
vn 0.00000 -1.00000 0.00000
vn 0.00000 -1.00000 0.00000
vn 0.00000 -1.00000 0.00000
vn 0.00000 -1.00000 0.00000
vn 0.00000 -1.00000 0.00000
vn 0.00000 -1.00000 0.00000
vn 0.00000 -1.00000 0.00000
vn 0.00000 -1.00000 0.00000
vn 0.00000 -1.00000 0.00000
vn 0.00000 -1.00000 0.00000
vn 0.00000 -1.00000 0.00000
vn 0.00000 -1.00000 0.00000
vn 0.00000 -1.00000 0.00000
vn 0.00000 -1.00000 0.00000
vn 0.00000 -1.00000 0.00000
vn 0.00000 -1.00000 0.00000
vn 0.00000 -1.00000 0.00000
vn 0.00000 -1.00000 0.00000
vn 0.00000 -1.00000 0.00000
vn 0.00000 -1.00000 0.00000
vn 0.00000 -1.00000 0.00000
vn 0.00000 -1.00000 0.00000
vn 0.00000 -1.00000 0.00000
vn 0.00000 -1.00000 0.00000
vn 0.00000 -1.00000 0.00000
vn 0.00000 -1.00000 0.00000
vn 0.00000 -1.00000 0.00000
vn 0.00000 -1.00000 0.00000
vn -0.04543 -0.99897 0.00000
vn -0.04465 -0.99899 -0.00564
vn -0.04234 -0.99900 -0.01463
vn -0.03865 -0.99894 -0.02506
vn -0.03376 -0.99878 -0.03597
vn -0.02795 -0.99852 -0.04658
vn -0.02157 -0.99818 -0.05623
vn -0.01502 -0.99782 -0.06434
vn -0.00876 -0.99748 -0.07047
vn -0.00338 -0.99723 -0.07428
vn 0.00000 -0.99714 -0.07557
vn 0.00338 -0.99723 -0.07428
vn 0.00876 -0.99748 -0.07047
vn 0.01502 -0.99782 -0.06434
vn 0.02157 -0.99818 -0.05623
vn 0.02795 -0.99852 -0.04658
vn 0.03376 -0.99878 -0.03597
vn 0.03865 -0.99894 -0.02506
vn 0.04234 -0.99900 -0.01463
vn 0.04465 -0.99899 -0.00564
vn 0.04543 -0.99897 0.00000
vn 0.04465 -0.99899 0.00564
vn 0.04234 -0.99900 0.01463
vn 0.03865 -0.99894 0.02506
vn 0.03376 -0.99878 0.03597
vn 0.02795 -0.99852 0.04658
vn 0.02157 -0.99818 0.05623
vn 0.01502 -0.99782 0.06434
vn 0.00876 -0.99748 0.07047
vn 0.00338 -0.99723 0.07428
vn 0.00000 -0.99714 0.07557
vn -0.00338 -0.99723 0.07428
vn -0.00876 -0.99748 0.07047
vn -0.01502 -0.99782 0.06434
vn -0.02157 -0.99818 0.05623
vn -0.02795 -0.99852 0.04658
vn -0.03376 -0.99878 0.03597
vn -0.03865 -0.99894 0.02506
vn -0.04234 -0.99900 0.01463
vn -0.04465 -0.99899 0.00564
vn -0.04543 -0.99897 0.00000
vn -0.12340 -0.99236 0.00000
vn -0.12129 -0.99250 -0.01532
vn -0.11505 -0.99256 -0.03974
vn -0.10497 -0.99214 -0.06807
vn -0.09159 -0.99100 -0.09760
vn -0.07571 -0.98911 -0.12619
vn -0.05831 -0.98666 -0.15198
vn -0.04050 -0.98400 -0.17351
vn -0.02358 -0.98157 -0.18963
vn -0.00908 -0.97984 -0.19958
vn 0.00000 -0.97919 -0.20293
vn 0.00908 -0.97984 -0.19958
vn 0.02358 -0.98157 -0.18963
vn 0.04050 -0.98400 -0.17351
vn 0.05831 -0.98666 -0.15198
vn 0.07571 -0.98911 -0.12619
vn 0.09159 -0.99100 -0.09760
vn 0.10497 -0.99214 -0.06807
vn 0.11505 -0.99256 -0.03974
vn 0.12129 -0.99250 -0.01532
vn 0.12340 -0.99236 0.00000
vn 0.12129 -0.99250 0.01532
vn 0.11505 -0.99256 0.03974
vn 0.10497 -0.99214 0.06807
vn 0.09159 -0.99100 0.09760
vn 0.07571 -0.98911 0.12619
vn 0.05831 -0.98666 0.15198
vn 0.04050 -0.98400 0.17351
vn 0.02358 -0.98157 0.18963
vn 0.00908 -0.97984 0.19958
vn 0.00000 -0.97919 0.20293
vn -0.00908 -0.97984 0.19958
vn -0.02358 -0.98157 0.18963
vn -0.04050 -0.98400 0.17351
vn -0.05831 -0.98666 0.15198
vn -0.07571 -0.98911 0.12619
vn -0.09159 -0.99100 0.09760
vn -0.10497 -0.99214 0.06807
vn -0.11505 -0.99256 0.03974
vn -0.12129 -0.99250 0.01532
vn -0.12340 -0.99236 0.00000
vn -0.22733 -0.97382 0.00000
vn -0.22353 -0.97429 -0.02823
vn -0.21206 -0.97451 -0.07325
vn -0.19328 -0.97311 -0.12533
vn -0.16819 -0.96932 -0.17923
vn -0.13840 -0.96314 -0.23067
vn -0.10597 -0.95523 -0.27624
vn -0.07317 -0.94679 -0.31342
vn -0.04236 -0.93924 -0.34064
vn -0.01624 -0.93392 -0.35712
vn 0.00000 -0.93195 -0.36260
vn 0.01624 -0.93392 -0.35712
vn 0.04236 -0.93924 -0.34064
vn 0.07317 -0.94679 -0.31342
vn 0.10597 -0.95523 -0.27624
vn 0.13840 -0.96314 -0.23067
vn 0.16819 -0.96932 -0.17923
vn 0.19328 -0.97311 -0.12533
vn 0.21206 -0.97451 -0.07325
vn 0.22353 -0.97429 -0.02823
vn 0.22733 -0.97382 0.00000
vn 0.22353 -0.97429 0.02823
vn 0.21206 -0.97451 0.07325
vn 0.19328 -0.97311 0.12533
vn 0.16819 -0.96932 0.17923
vn 0.13840 -0.96314 0.23067
vn 0.10597 -0.95523 0.27624
vn 0.07317 -0.94679 0.31342
vn 0.04236 -0.93924 0.34064
vn 0.01624 -0.93392 0.35712
vn 0.00000 -0.93195 0.36260
vn -0.01624 -0.93392 0.35712
vn -0.04236 -0.93924 0.34064
vn -0.07317 -0.94679 0.31342
vn -0.10597 -0.95523 0.27624
vn -0.13840 -0.96314 0.23067
vn -0.16819 -0.96932 0.17923
vn -0.19328 -0.97311 0.12533
vn -0.21206 -0.97451 0.07325
vn -0.22353 -0.97429 0.02823
vn -0.22733 -0.97382 0.00000
vn -0.35818 -0.93365 0.00000
vn -0.35244 -0.93477 -0.04452
vn -0.33447 -0.93530 -0.11553
vn -0.30419 -0.93196 -0.19726
vn -0.26320 -0.92307 -0.28048
vn -0.21463 -0.90883 -0.35771
vn -0.16248 -0.89119 -0.42352
vn -0.11087 -0.87302 -0.47492
vn -0.06353 -0.85727 -0.51094
vn -0.02419 -0.84646 -0.53191
vn 0.00000 -0.84250 -0.53869
vn 0.02419 -0.84646 -0.53191
vn 0.06353 -0.85727 -0.51094
vn 0.11087 -0.87302 -0.47492
vn 0.16248 -0.89119 -0.42352
vn 0.21463 -0.90883 -0.35771
vn 0.26320 -0.92307 -0.28048
vn 0.30419 -0.93196 -0.19726
vn 0.33447 -0.93530 -0.11553
vn 0.35244 -0.93477 -0.04452
vn 0.35818 -0.93365 0.00000
vn 0.35244 -0.93477 0.04452
vn 0.33447 -0.93530 0.11553
vn 0.30419 -0.93196 0.19726
vn 0.26320 -0.92307 0.28048
vn 0.21463 -0.90883 0.35771
vn 0.16248 -0.89119 0.42352
vn 0.11087 -0.87302 0.47492
vn 0.06353 -0.85727 0.51094
vn 0.02419 -0.84646 0.53191
vn 0.00000 -0.84250 0.53869
vn -0.02419 -0.84646 0.53191
vn -0.06353 -0.85727 0.51094
vn -0.11087 -0.87302 0.47492
vn -0.16248 -0.89119 0.42352
vn -0.21463 -0.90883 0.35771
vn -0.26320 -0.92307 0.28048
vn -0.30419 -0.93196 0.19726
vn -0.33447 -0.93530 0.11553
vn -0.35244 -0.93477 0.04452
vn -0.35818 -0.93365 0.00000
vn -0.51450 -0.85749 0.00000
vn -0.50690 -0.85962 -0.06403
vn -0.48134 -0.86062 -0.16626
vn -0.43611 -0.85430 -0.28280
vn -0.37362 -0.83779 -0.39814
vn -0.30004 -0.81235 -0.50006
vn -0.22308 -0.78236 -0.58150
vn -0.14957 -0.75307 -0.64072
vn -0.08448 -0.72887 -0.67942
vn -0.03186 -0.71285 -0.70059
vn 0.00000 -0.70711 -0.70711
vn 0.03186 -0.71285 -0.70059
vn 0.08448 -0.72887 -0.67942
vn 0.14957 -0.75307 -0.64072
vn 0.22308 -0.78236 -0.58150
vn 0.30004 -0.81235 -0.50006
vn 0.37362 -0.83779 -0.39814
vn 0.43611 -0.85430 -0.28280
vn 0.48134 -0.86062 -0.16626
vn 0.50690 -0.85962 -0.06403
vn 0.51450 -0.85749 0.00000
vn 0.50690 -0.85962 0.06403
vn 0.48134 -0.86062 0.16626
vn 0.43611 -0.85430 0.28280
vn 0.37362 -0.83779 0.39814
vn 0.30004 -0.81235 0.50006
vn 0.22308 -0.78236 0.58150
vn 0.14957 -0.75307 0.64072
vn 0.08448 -0.72887 0.67942
vn 0.03186 -0.71285 0.70059
vn 0.00000 -0.70711 0.70711
vn -0.03186 -0.71285 0.70059
vn -0.08448 -0.72887 0.67942
vn -0.14957 -0.75307 0.64072
vn -0.22308 -0.78236 0.58150
vn -0.30004 -0.81235 0.50006
vn -0.37362 -0.83779 0.39814
vn -0.43611 -0.85430 0.28280
vn -0.48134 -0.86062 0.16626
vn -0.50690 -0.85962 0.06403
vn -0.51450 -0.85749 0.00000
vn -0.68429 -0.72921 0.00000
vn -0.67548 -0.73242 -0.08532
vn -0.64200 -0.73394 -0.22175
vn -0.57838 -0.72443 -0.37506
vn -0.48846 -0.70033 -0.52053
vn -0.38420 -0.66511 -0.64033
vn -0.27926 -0.62620 -0.72793
vn -0.18345 -0.59057 -0.78585
vn -0.10201 -0.56270 -0.82035
vn -0.03809 -0.54493 -0.83761
vn 0.00000 -0.53869 -0.84250
vn 0.03809 -0.54493 -0.83761
vn 0.10201 -0.56270 -0.82035
vn 0.18345 -0.59057 -0.78585
vn 0.27926 -0.62620 -0.72793
vn 0.38420 -0.66511 -0.64033
vn 0.48846 -0.70033 -0.52053
vn 0.57838 -0.72443 -0.37506
vn 0.64200 -0.73394 -0.22175
vn 0.67548 -0.73242 -0.08532
vn 0.68429 -0.72921 0.00000
vn 0.67548 -0.73242 0.08532
vn 0.64200 -0.73394 0.22175
vn 0.57838 -0.72443 0.37506
vn 0.48846 -0.70033 0.52053
vn 0.38420 -0.66511 0.64033
vn 0.27926 -0.62620 0.72793
vn 0.18345 -0.59057 0.78585
vn 0.10201 -0.56270 0.82035
vn 0.03809 -0.54493 0.83761
vn 0.00000 -0.53869 0.84250
vn -0.03809 -0.54493 0.83761
vn -0.10201 -0.56270 0.82035
vn -0.18345 -0.59057 0.78585
vn -0.27926 -0.62620 0.72793
vn -0.38420 -0.66511 0.64033
vn -0.48846 -0.70033 0.52053
vn -0.57838 -0.72443 0.37506
vn -0.64200 -0.73394 0.22175
vn -0.67548 -0.73242 0.08532
vn -0.68429 -0.72921 0.00000
vn -0.83903 -0.54408 0.00000
vn -0.83008 -0.54769 -0.10485
vn -0.78977 -0.54941 -0.27279
vn -0.70686 -0.53874 -0.45837
vn -0.58755 -0.51260 -0.62612
vn -0.45233 -0.47650 -0.75389
vn -0.32180 -0.43910 -0.83883
vn -0.20767 -0.40681 -0.88959
vn -0.11400 -0.38267 -0.91682
vn -0.04224 -0.36776 -0.92896
vn 0.00000 -0.36260 -0.93195
vn 0.04224 -0.36776 -0.92896
vn 0.11400 -0.38267 -0.91682
vn 0.20767 -0.40681 -0.88959
vn 0.32180 -0.43910 -0.83883
vn 0.45233 -0.47650 -0.75389
vn 0.58755 -0.51260 -0.62612
vn 0.70686 -0.53874 -0.45837
vn 0.78977 -0.54941 -0.27279
vn 0.83008 -0.54769 -0.10485
vn 0.83903 -0.54408 0.00000
vn 0.83008 -0.54769 0.10485
vn 0.78977 -0.54941 0.27279
vn 0.70686 -0.53874 0.45837
vn 0.58755 -0.51260 0.62612
vn 0.45233 -0.47650 0.75389
vn 0.32180 -0.43910 0.83883
vn 0.20767 -0.40681 0.88959
vn 0.11400 -0.38267 0.91682
vn 0.04224 -0.36776 0.92896
vn 0.00000 -0.36260 0.93195
vn -0.04224 -0.36776 0.92896
vn -0.11400 -0.38267 0.91682
vn -0.20767 -0.40681 0.88959
vn -0.32180 -0.43910 0.83883
vn -0.45233 -0.47650 0.75389
vn -0.58755 -0.51260 0.62612
vn -0.70686 -0.53874 0.45837
vn -0.78977 -0.54941 0.27279
vn -0.83008 -0.54769 0.10485
vn -0.83903 -0.54408 0.00000
vn -0.94520 -0.32648 0.00000
vn -0.93680 -0.32924 -0.11833
vn -0.89207 -0.33056 -0.30813
vn -0.79422 -0.32244 -0.51502
vn -0.65211 -0.30305 -0.69492
vn -0.49431 -0.27737 -0.82385
vn -0.34663 -0.25194 -0.90354
vn -0.22119 -0.23080 -0.94752
vn -0.12050 -0.21545 -0.96905
vn -0.04445 -0.20613 -0.97751
vn 0.00000 -0.20293 -0.97919
vn 0.04445 -0.20613 -0.97751
vn 0.12050 -0.21545 -0.96905
vn 0.22119 -0.23080 -0.94752
vn 0.34663 -0.25194 -0.90354
vn 0.49431 -0.27737 -0.82385
vn 0.65211 -0.30305 -0.69492
vn 0.79422 -0.32244 -0.51502
vn 0.89207 -0.33056 -0.30813
vn 0.93680 -0.32924 -0.11833
vn 0.94520 -0.32648 0.00000
vn 0.93680 -0.32924 0.11833
vn 0.89207 -0.33056 0.30813
vn 0.79422 -0.32244 0.51502
vn 0.65211 -0.30305 0.69492
vn 0.49431 -0.27737 0.82385
vn 0.34663 -0.25194 0.90354
vn 0.22119 -0.23080 0.94752
vn 0.12050 -0.21545 0.96905
vn 0.04445 -0.20613 0.97751
vn 0.00000 -0.20293 0.97919
vn -0.04445 -0.20613 0.97751
vn -0.12050 -0.21545 0.96905
vn -0.22119 -0.23080 0.94752
vn -0.34663 -0.25194 0.90354
vn -0.49431 -0.27737 0.82385
vn -0.65211 -0.30305 0.69492
vn -0.79422 -0.32244 0.51502
vn -0.89207 -0.33056 0.30813
vn -0.93680 -0.32924 0.11833
vn -0.94520 -0.32648 0.00000
vn -0.99212 -0.12532 0.00000
vn -0.98415 -0.12649 -0.12431
vn -0.93754 -0.12704 -0.32384
vn -0.83260 -0.12361 -0.53991
vn -0.67971 -0.11551 -0.72433
vn -0.51165 -0.10499 -0.85275
vn -0.35657 -0.09477 -0.92945
vn -0.22648 -0.08642 -0.97017
vn -0.12300 -0.08042 -0.98914
vn -0.04529 -0.07681 -0.99602
vn 0.00000 -0.07557 -0.99714
vn 0.04529 -0.07681 -0.99602
vn 0.12300 -0.08042 -0.98914
vn 0.22648 -0.08642 -0.97017
vn 0.35657 -0.09477 -0.92945
vn 0.51165 -0.10499 -0.85275
vn 0.67971 -0.11551 -0.72433
vn 0.83260 -0.12361 -0.53991
vn 0.93754 -0.12704 -0.32384
vn 0.98415 -0.12649 -0.12431
vn 0.99212 -0.12532 0.00000
vn 0.98415 -0.12649 0.12431
vn 0.93754 -0.12704 0.32384
vn 0.83260 -0.12361 0.53991
vn 0.67971 -0.11551 0.72433
vn 0.51165 -0.10499 0.85275
vn 0.35657 -0.09477 0.92945
vn 0.22648 -0.08642 0.97017
vn 0.12300 -0.08042 0.98914
vn 0.04529 -0.07681 0.99602
vn 0.00000 -0.07557 0.99714
vn -0.04529 -0.07681 0.99602
vn -0.12300 -0.08042 0.98914
vn -0.22648 -0.08642 0.97017
vn -0.35657 -0.09477 0.92945
vn -0.51165 -0.10499 0.85275
vn -0.67971 -0.11551 0.72433
vn -0.83260 -0.12361 0.53991
vn -0.93754 -0.12704 0.32384
vn -0.98415 -0.12649 0.12431
vn -0.99212 -0.12532 0.00000
vn -1.00000 0.00000 0.00000
vn -0.99212 0.00000 -0.12532
vn -0.94520 0.00000 -0.32648
vn -0.83903 0.00000 -0.54408
vn -0.68429 0.00000 -0.72921
vn -0.51450 0.00000 -0.85749
vn -0.35818 0.00000 -0.93365
vn -0.22733 0.00000 -0.97382
vn -0.12340 0.00000 -0.99236
vn -0.04543 0.00000 -0.99897
vn 0.00000 0.00000 -1.00000
vn 0.04543 0.00000 -0.99897
vn 0.12340 0.00000 -0.99236
vn 0.22733 0.00000 -0.97382
vn 0.35818 0.00000 -0.93365
vn 0.51450 0.00000 -0.85749
vn 0.68429 0.00000 -0.72921
vn 0.83903 0.00000 -0.54408
vn 0.94520 0.00000 -0.32648
vn 0.99212 0.00000 -0.12532
vn 1.00000 0.00000 0.00000
vn 0.99212 0.00000 0.12532
vn 0.94520 0.00000 0.32648
vn 0.83903 0.00000 0.54408
vn 0.68429 0.00000 0.72921
vn 0.51450 0.00000 0.85749
vn 0.35818 0.00000 0.93365
vn 0.22733 0.00000 0.97382
vn 0.12340 0.00000 0.99236
vn 0.04543 0.00000 0.99897
vn 0.00000 0.00000 1.00000
vn -0.04543 0.00000 0.99897
vn -0.12340 0.00000 0.99236
vn -0.22733 0.00000 0.97382
vn -0.35818 0.00000 0.93365
vn -0.51450 0.00000 0.85749
vn -0.68429 0.00000 0.72921
vn -0.83903 0.00000 0.54408
vn -0.94520 0.00000 0.32648
vn -0.99212 0.00000 0.12532
vn -1.00000 0.00000 0.00000
vn -0.99212 0.12532 0.00000
vn -0.98415 0.12649 -0.12431
vn -0.93754 0.12704 -0.32384
vn -0.83260 0.12361 -0.53991
vn -0.67971 0.11551 -0.72433
vn -0.51165 0.10499 -0.85275
vn -0.35657 0.09477 -0.92945
vn -0.22648 0.08642 -0.97017
vn -0.12300 0.08042 -0.98914
vn -0.04529 0.07681 -0.99602
vn 0.00000 0.07557 -0.99714
vn 0.04529 0.07681 -0.99602
vn 0.12300 0.08042 -0.98914
vn 0.22648 0.08642 -0.97017
vn 0.35657 0.09477 -0.92945
vn 0.51165 0.10499 -0.85275
vn 0.67971 0.11551 -0.72433
vn 0.83260 0.12361 -0.53991
vn 0.93754 0.12704 -0.32384
vn 0.98415 0.12649 -0.12431
vn 0.99212 0.12532 0.00000
vn 0.98415 0.12649 0.12431
vn 0.93754 0.12704 0.32384
vn 0.83260 0.12361 0.53991
vn 0.67971 0.11551 0.72433
vn 0.51165 0.10499 0.85275
vn 0.35657 0.09477 0.92945
vn 0.22648 0.08642 0.97017
vn 0.12300 0.08042 0.98914
vn 0.04529 0.07681 0.99602
vn 0.00000 0.07557 0.99714
vn -0.04529 0.07681 0.99602
vn -0.12300 0.08042 0.98914
vn -0.22648 0.08642 0.97017
vn -0.35657 0.09477 0.92945
vn -0.51165 0.10499 0.85275
vn -0.67971 0.11551 0.72433
vn -0.83260 0.12361 0.53991
vn -0.93754 0.12704 0.32384
vn -0.98415 0.12649 0.12431
vn -0.99212 0.12532 0.00000
vn -0.94520 0.32648 0.00000
vn -0.93680 0.32924 -0.11833
vn -0.89207 0.33056 -0.30813
vn -0.79422 0.32244 -0.51502
vn -0.65211 0.30305 -0.69492
vn -0.49431 0.27737 -0.82385
vn -0.34663 0.25194 -0.90354
vn -0.22119 0.23080 -0.94752
vn -0.12050 0.21545 -0.96905
vn -0.04445 0.20613 -0.97751
vn 0.00000 0.20293 -0.97919
vn 0.04445 0.20613 -0.97751
vn 0.12050 0.21545 -0.96905
vn 0.22119 0.23080 -0.94752
vn 0.34663 0.25194 -0.90354
vn 0.49431 0.27737 -0.82385
vn 0.65211 0.30305 -0.69492
vn 0.79422 0.32244 -0.51502
vn 0.89207 0.33056 -0.30813
vn 0.93680 0.32924 -0.11833
vn 0.94520 0.32648 0.00000
vn 0.93680 0.32924 0.11833
vn 0.89207 0.33056 0.30813
vn 0.79422 0.32244 0.51502
vn 0.65211 0.30305 0.69492
vn 0.49431 0.27737 0.82385
vn 0.34663 0.25194 0.90354
vn 0.22119 0.23080 0.94752
vn 0.12050 0.21545 0.96905
vn 0.04445 0.20613 0.97751
vn 0.00000 0.20293 0.97919
vn -0.04445 0.20613 0.97751
vn -0.12050 0.21545 0.96905
vn -0.22119 0.23080 0.94752
vn -0.34663 0.25194 0.90354
vn -0.49431 0.27737 0.82385
vn -0.65211 0.30305 0.69492
vn -0.79422 0.32244 0.51502
vn -0.89207 0.33056 0.30813
vn -0.93680 0.32924 0.11833
vn -0.94520 0.32648 0.00000
vn -0.83903 0.54408 0.00000
vn -0.83008 0.54769 -0.10485
vn -0.78977 0.54941 -0.27279
vn -0.70686 0.53874 -0.45837
vn -0.58755 0.51260 -0.62612
vn -0.45233 0.47650 -0.75389
vn -0.32180 0.43910 -0.83883
vn -0.20767 0.40681 -0.88959
vn -0.11400 0.38267 -0.91682
vn -0.04224 0.36776 -0.92896
vn 0.00000 0.36260 -0.93195
vn 0.04224 0.36776 -0.92896
vn 0.11400 0.38267 -0.91682
vn 0.20767 0.40681 -0.88959
vn 0.32180 0.43910 -0.83883
vn 0.45233 0.47650 -0.75389
vn 0.58755 0.51260 -0.62612
vn 0.70686 0.53874 -0.45837
vn 0.78977 0.54941 -0.27279
vn 0.83008 0.54769 -0.10485
vn 0.83903 0.54408 0.00000
vn 0.83008 0.54769 0.10485
vn 0.78977 0.54941 0.27279
vn 0.70686 0.53874 0.45837
vn 0.58755 0.51260 0.62612
vn 0.45233 0.47650 0.75389
vn 0.32180 0.43910 0.83883
vn 0.20767 0.40681 0.88959
vn 0.11400 0.38267 0.91682
vn 0.04224 0.36776 0.92896
vn 0.00000 0.36260 0.93195
vn -0.04224 0.36776 0.92896
vn -0.11400 0.38267 0.91682
vn -0.20767 0.40681 0.88959
vn -0.32180 0.43910 0.83883
vn -0.45233 0.47650 0.75389
vn -0.58755 0.51260 0.62612
vn -0.70686 0.53874 0.45837
vn -0.78977 0.54941 0.27279
vn -0.83008 0.54769 0.10485
vn -0.83903 0.54408 0.00000
vn -0.68429 0.72921 0.00000
vn -0.67548 0.73242 -0.08532
vn -0.64200 0.73394 -0.22175
vn -0.57838 0.72443 -0.37506
vn -0.48846 0.70033 -0.52053
vn -0.38420 0.66511 -0.64033
vn -0.27926 0.62620 -0.72793
vn -0.18345 0.59057 -0.78585
vn -0.10201 0.56270 -0.82035
vn -0.03809 0.54493 -0.83761
vn 0.00000 0.53869 -0.84250
vn 0.03809 0.54493 -0.83761
vn 0.10201 0.56270 -0.82035
vn 0.18345 0.59057 -0.78585
vn 0.27926 0.62620 -0.72793
vn 0.38420 0.66511 -0.64033
vn 0.48846 0.70033 -0.52053
vn 0.57838 0.72443 -0.37506
vn 0.64200 0.73394 -0.22175
vn 0.67548 0.73242 -0.08532
vn 0.68429 0.72921 0.00000
vn 0.67548 0.73242 0.08532
vn 0.64200 0.73394 0.22175
vn 0.57838 0.72443 0.37506
vn 0.48846 0.70033 0.52053
vn 0.38420 0.66511 0.64033
vn 0.27926 0.62620 0.72793
vn 0.18345 0.59057 0.78585
vn 0.10201 0.56270 0.82035
vn 0.03809 0.54493 0.83761
vn 0.00000 0.53869 0.84250
vn -0.03809 0.54493 0.83761
vn -0.10201 0.56270 0.82035
vn -0.18345 0.59057 0.78585
vn -0.27926 0.62620 0.72793
vn -0.38420 0.66511 0.64033
vn -0.48846 0.70033 0.52053
vn -0.57838 0.72443 0.37506
vn -0.64200 0.73394 0.22175
vn -0.67548 0.73242 0.08532
vn -0.68429 0.72921 0.00000
vn -0.51450 0.85749 0.00000
vn -0.50690 0.85962 -0.06403
vn -0.48134 0.86062 -0.16626
vn -0.43611 0.85430 -0.28280
vn -0.37362 0.83779 -0.39814
vn -0.30004 0.81235 -0.50006
vn -0.22308 0.78236 -0.58150
vn -0.14957 0.75307 -0.64072
vn -0.08448 0.72887 -0.67942
vn -0.03186 0.71285 -0.70059
vn 0.00000 0.70711 -0.70711
vn 0.03186 0.71285 -0.70059
vn 0.08448 0.72887 -0.67942
vn 0.14957 0.75307 -0.64072
vn 0.22308 0.78236 -0.58150
vn 0.30004 0.81235 -0.50006
vn 0.37362 0.83779 -0.39814
vn 0.43611 0.85430 -0.28280
vn 0.48134 0.86062 -0.16626
vn 0.50690 0.85962 -0.06403
vn 0.51450 0.85749 0.00000
vn 0.50690 0.85962 0.06403
vn 0.48134 0.86062 0.16626
vn 0.43611 0.85430 0.28280
vn 0.37362 0.83779 0.39814
vn 0.30004 0.81235 0.50006
vn 0.22308 0.78236 0.58150
vn 0.14957 0.75307 0.64072
vn 0.08448 0.72887 0.67942
vn 0.03186 0.71285 0.70059
vn 0.00000 0.70711 0.70711
vn -0.03186 0.71285 0.70059
vn -0.08448 0.72887 0.67942
vn -0.14957 0.75307 0.64072
vn -0.22308 0.78236 0.58150
vn -0.30004 0.81235 0.50006
vn -0.37362 0.83779 0.39814
vn -0.43611 0.85430 0.28280
vn -0.48134 0.86062 0.16626
vn -0.50690 0.85962 0.06403
vn -0.51450 0.85749 0.00000
vn -0.35818 0.93365 0.00000
vn -0.35244 0.93477 -0.04452
vn -0.33447 0.93530 -0.11553
vn -0.30419 0.93196 -0.19726
vn -0.26320 0.92307 -0.28048
vn -0.21463 0.90883 -0.35771
vn -0.16248 0.89119 -0.42352
vn -0.11087 0.87302 -0.47492
vn -0.06353 0.85727 -0.51094
vn -0.02419 0.84646 -0.53191
vn 0.00000 0.84250 -0.53869
vn 0.02419 0.84646 -0.53191
vn 0.06353 0.85727 -0.51094
vn 0.11087 0.87302 -0.47492
vn 0.16248 0.89119 -0.42352
vn 0.21463 0.90883 -0.35771
vn 0.26320 0.92307 -0.28048
vn 0.30419 0.93196 -0.19726
vn 0.33447 0.93530 -0.11553
vn 0.35244 0.93477 -0.04452
vn 0.35818 0.93365 0.00000
vn 0.35244 0.93477 0.04452
vn 0.33447 0.93530 0.11553
vn 0.30419 0.93196 0.19726
vn 0.26320 0.92307 0.28048
vn 0.21463 0.90883 0.35771
vn 0.16248 0.89119 0.42352
vn 0.11087 0.87302 0.47492
vn 0.06353 0.85727 0.51094
vn 0.02419 0.84646 0.53191
vn 0.00000 0.84250 0.53869
vn -0.02419 0.84646 0.53191
vn -0.06353 0.85727 0.51094
vn -0.11087 0.87302 0.47492
vn -0.16248 0.89119 0.42352
vn -0.21463 0.90883 0.35771
vn -0.26320 0.92307 0.28048
vn -0.30419 0.93196 0.19726
vn -0.33447 0.93530 0.11553
vn -0.35244 0.93477 0.04452
vn -0.35818 0.93365 0.00000
vn -0.22733 0.97382 0.00000
vn -0.22353 0.97429 -0.02823
vn -0.21206 0.97451 -0.07325
vn -0.19328 0.97311 -0.12533
vn -0.16819 0.96932 -0.17923
vn -0.13840 0.96314 -0.23067
vn -0.10597 0.95523 -0.27624
vn -0.07317 0.94679 -0.31342
vn -0.04236 0.93924 -0.34064
vn -0.01624 0.93392 -0.35712
vn 0.00000 0.93195 -0.36260
vn 0.01624 0.93392 -0.35712
vn 0.04236 0.93924 -0.34064
vn 0.07317 0.94679 -0.31342
vn 0.10597 0.95523 -0.27624
vn 0.13840 0.96314 -0.23067
vn 0.16819 0.96932 -0.17923
vn 0.19328 0.97311 -0.12533
vn 0.21206 0.97451 -0.07325
vn 0.22353 0.97429 -0.02823
vn 0.22733 0.97382 0.00000
vn 0.22353 0.97429 0.02823
vn 0.21206 0.97451 0.07325
vn 0.19328 0.97311 0.12533
vn 0.16819 0.96932 0.17923
vn 0.13840 0.96314 0.23067
vn 0.10597 0.95523 0.27624
vn 0.07317 0.94679 0.31342
vn 0.04236 0.93924 0.34064
vn 0.01624 0.93392 0.35712
vn 0.00000 0.93195 0.36260
vn -0.01624 0.93392 0.35712
vn -0.04236 0.93924 0.34064
vn -0.07317 0.94679 0.31342
vn -0.10597 0.95523 0.27624
vn -0.13840 0.96314 0.23067
vn -0.16819 0.96932 0.17923
vn -0.19328 0.97311 0.12533
vn -0.21206 0.97451 0.07325
vn -0.22353 0.97429 0.02823
vn -0.22733 0.97382 0.00000
vn -0.12340 0.99236 0.00000
vn -0.12129 0.99250 -0.01532
vn -0.11505 0.99256 -0.03974
vn -0.10497 0.99214 -0.06807
vn -0.09159 0.99100 -0.09760
vn -0.07571 0.98911 -0.12619
vn -0.05831 0.98666 -0.15198
vn -0.04050 0.98400 -0.17351
vn -0.02358 0.98157 -0.18963
vn -0.00908 0.97984 -0.19958
vn 0.00000 0.97919 -0.20293
vn 0.00908 0.97984 -0.19958
vn 0.02358 0.98157 -0.18963
vn 0.04050 0.98400 -0.17351
vn 0.05831 0.98666 -0.15198
vn 0.07571 0.98911 -0.12619
vn 0.09159 0.99100 -0.09760
vn 0.10497 0.99214 -0.06807
vn 0.11505 0.99256 -0.03974
vn 0.12129 0.99250 -0.01532
vn 0.12340 0.99236 0.00000
vn 0.12129 0.99250 0.01532
vn 0.11505 0.99256 0.03974
vn 0.10497 0.99214 0.06807
vn 0.09159 0.99100 0.09760
vn 0.07571 0.98911 0.12619
vn 0.05831 0.98666 0.15198
vn 0.04050 0.98400 0.17351
vn 0.02358 0.98157 0.18963
vn 0.00908 0.97984 0.19958
vn 0.00000 0.97919 0.20293
vn -0.00908 0.97984 0.19958
vn -0.02358 0.98157 0.18963
vn -0.04050 0.98400 0.17351
vn -0.05831 0.98666 0.15198
vn -0.07571 0.98911 0.12619
vn -0.09159 0.99100 0.09760
vn -0.10497 0.99214 0.06807
vn -0.11505 0.99256 0.03974
vn -0.12129 0.99250 0.01532
vn -0.12340 0.99236 0.00000
vn -0.04543 0.99897 0.00000
vn -0.04465 0.99899 -0.00564
vn -0.04234 0.99900 -0.01463
vn -0.03865 0.99894 -0.02506
vn -0.03376 0.99878 -0.03597
vn -0.02795 0.99852 -0.04658
vn -0.02157 0.99818 -0.05623
vn -0.01502 0.99782 -0.06434
vn -0.00876 0.99748 -0.07047
vn -0.00338 0.99723 -0.07428
vn 0.00000 0.99714 -0.07557
vn 0.00338 0.99723 -0.07428
vn 0.00876 0.99748 -0.07047
vn 0.01502 0.99782 -0.06434
vn 0.02157 0.99818 -0.05623
vn 0.02795 0.99852 -0.04658
vn 0.03376 0.99878 -0.03597
vn 0.03865 0.99894 -0.02506
vn 0.04234 0.99900 -0.01463
vn 0.04465 0.99899 -0.00564
vn 0.04543 0.99897 0.00000
vn 0.04465 0.99899 0.00564
vn 0.04234 0.99900 0.01463
vn 0.03865 0.99894 0.02506
vn 0.03376 0.99878 0.03597
vn 0.02795 0.99852 0.04658
vn 0.02157 0.99818 0.05623
vn 0.01502 0.99782 0.06434
vn 0.00876 0.99748 0.07047
vn 0.00338 0.99723 0.07428
vn 0.00000 0.99714 0.07557
vn -0.00338 0.99723 0.07428
vn -0.00876 0.99748 0.07047
vn -0.01502 0.99782 0.06434
vn -0.02157 0.99818 0.05623
vn -0.02795 0.99852 0.04658
vn -0.03376 0.99878 0.03597
vn -0.03865 0.99894 0.02506
vn -0.04234 0.99900 0.01463
vn -0.04465 0.99899 0.00564
vn -0.04543 0.99897 0.00000
vn 0.00000 1.00000 0.00000
vn 0.00000 1.00000 0.00000
vn 0.00000 1.00000 0.00000
vn 0.00000 1.00000 0.00000
vn 0.00000 1.00000 0.00000
vn 0.00000 1.00000 0.00000
vn 0.00000 1.00000 0.00000
vn 0.00000 1.00000 0.00000
vn 0.00000 1.00000 0.00000
vn 0.00000 1.00000 0.00000
vn 0.00000 1.00000 0.00000
vn 0.00000 1.00000 0.00000
vn 0.00000 1.00000 0.00000
vn 0.00000 1.00000 0.00000
vn 0.00000 1.00000 0.00000
vn 0.00000 1.00000 0.00000
vn 0.00000 1.00000 0.00000
vn 0.00000 1.00000 0.00000
vn 0.00000 1.00000 0.00000
vn 0.00000 1.00000 0.00000
vn 0.00000 1.00000 0.00000
vn 0.00000 1.00000 0.00000
vn 0.00000 1.00000 0.00000
vn 0.00000 1.00000 0.00000
vn 0.00000 1.00000 0.00000
vn 0.00000 1.00000 0.00000
vn 0.00000 1.00000 0.00000
vn 0.00000 1.00000 0.00000
vn 0.00000 1.00000 0.00000
vn 0.00000 1.00000 0.00000
vn 0.00000 1.00000 0.00000
vn 0.00000 1.00000 0.00000
vn 0.00000 1.00000 0.00000
vn 0.00000 1.00000 0.00000
vn 0.00000 1.00000 0.00000
vn 0.00000 1.00000 0.00000
vn 0.00000 1.00000 0.00000
vn 0.00000 1.00000 0.00000
vn 0.00000 1.00000 0.00000
vn 0.00000 1.00000 0.00000
vn 0.00000 1.00000 0.00000

vt 0.00000 0.00000
vt 0.02500 0.00000
vt 0.05000 0.00000
vt 0.07500 0.00000
vt 0.10000 0.00000
vt 0.12500 0.00000
vt 0.15000 0.00000
vt 0.17500 0.00000
vt 0.20000 0.00000
vt 0.22500 0.00000
vt 0.25000 0.00000
vt 0.27500 0.00000
vt 0.30000 0.00000
vt 0.32500 0.00000
vt 0.35000 0.00000
vt 0.37500 0.00000
vt 0.40000 0.00000
vt 0.42500 0.00000
vt 0.45000 0.00000
vt 0.47500 0.00000
vt 0.50000 0.00000
vt 0.52500 0.00000
vt 0.55000 0.00000
vt 0.57500 0.00000
vt 0.60000 0.00000
vt 0.62500 0.00000
vt 0.65000 0.00000
vt 0.67500 0.00000
vt 0.70000 0.00000
vt 0.72500 0.00000
vt 0.75000 0.00000
vt 0.77500 0.00000
vt 0.80000 0.00000
vt 0.82500 0.00000
vt 0.85000 0.00000
vt 0.87500 0.00000
vt 0.90000 0.00000
vt 0.92500 0.00000
vt 0.95000 0.00000
vt 0.97500 0.00000
vt 1.00000 0.00000
vt 0.00000 0.05000
vt 0.02500 0.05000
vt 0.05000 0.05000
vt 0.07500 0.05000
vt 0.10000 0.05000
vt 0.12500 0.05000
vt 0.15000 0.05000
vt 0.17500 0.05000
vt 0.20000 0.05000
vt 0.22500 0.05000
vt 0.25000 0.05000
vt 0.27500 0.05000
vt 0.30000 0.05000
vt 0.32500 0.05000
vt 0.35000 0.05000
vt 0.37500 0.05000
vt 0.40000 0.05000
vt 0.42500 0.05000
vt 0.45000 0.05000
vt 0.47500 0.05000
vt 0.50000 0.05000
vt 0.52500 0.05000
vt 0.55000 0.05000
vt 0.57500 0.05000
vt 0.60000 0.05000
vt 0.62500 0.05000
vt 0.65000 0.05000
vt 0.67500 0.05000
vt 0.70000 0.05000
vt 0.72500 0.05000
vt 0.75000 0.05000
vt 0.77500 0.05000
vt 0.80000 0.05000
vt 0.82500 0.05000
vt 0.85000 0.05000
vt 0.87500 0.05000
vt 0.90000 0.05000
vt 0.92500 0.05000
vt 0.95000 0.05000
vt 0.97500 0.05000
vt 1.00000 0.05000
vt 0.00000 0.10000
vt 0.02500 0.10000
vt 0.05000 0.10000
vt 0.07500 0.10000
vt 0.10000 0.10000
vt 0.12500 0.10000
vt 0.15000 0.10000
vt 0.17500 0.10000
vt 0.20000 0.10000
vt 0.22500 0.10000
vt 0.25000 0.10000
vt 0.27500 0.10000
vt 0.30000 0.10000
vt 0.32500 0.10000
vt 0.35000 0.10000
vt 0.37500 0.10000
vt 0.40000 0.10000
vt 0.42500 0.10000
vt 0.45000 0.10000
vt 0.47500 0.10000
vt 0.50000 0.10000
vt 0.52500 0.10000
vt 0.55000 0.10000
vt 0.57500 0.10000
vt 0.60000 0.10000
vt 0.62500 0.10000
vt 0.65000 0.10000
vt 0.67500 0.10000
vt 0.70000 0.10000
vt 0.72500 0.10000
vt 0.75000 0.10000
vt 0.77500 0.10000
vt 0.80000 0.10000
vt 0.82500 0.10000
vt 0.85000 0.10000
vt 0.87500 0.10000
vt 0.90000 0.10000
vt 0.92500 0.10000
vt 0.95000 0.10000
vt 0.97500 0.10000
vt 1.00000 0.10000
vt 0.00000 0.15000
vt 0.02500 0.15000
vt 0.05000 0.15000
vt 0.07500 0.15000
vt 0.10000 0.15000
vt 0.12500 0.15000
vt 0.15000 0.15000
vt 0.17500 0.15000
vt 0.20000 0.15000
vt 0.22500 0.15000
vt 0.25000 0.15000
vt 0.27500 0.15000
vt 0.30000 0.15000
vt 0.32500 0.15000
vt 0.35000 0.15000
vt 0.37500 0.15000
vt 0.40000 0.15000
vt 0.42500 0.15000
vt 0.45000 0.15000
vt 0.47500 0.15000
vt 0.50000 0.15000
vt 0.52500 0.15000
vt 0.55000 0.15000
vt 0.57500 0.15000
vt 0.60000 0.15000
vt 0.62500 0.15000
vt 0.65000 0.15000
vt 0.67500 0.15000
vt 0.70000 0.15000
vt 0.72500 0.15000
vt 0.75000 0.15000
vt 0.77500 0.15000
vt 0.80000 0.15000
vt 0.82500 0.15000
vt 0.85000 0.15000
vt 0.87500 0.15000
vt 0.90000 0.15000
vt 0.92500 0.15000
vt 0.95000 0.15000
vt 0.97500 0.15000
vt 1.00000 0.15000
vt 0.00000 0.20000
vt 0.02500 0.20000
vt 0.05000 0.20000
vt 0.07500 0.20000
vt 0.10000 0.20000
vt 0.12500 0.20000
vt 0.15000 0.20000
vt 0.17500 0.20000
vt 0.20000 0.20000
vt 0.22500 0.20000
vt 0.25000 0.20000
vt 0.27500 0.20000
vt 0.30000 0.20000
vt 0.32500 0.20000
vt 0.35000 0.20000
vt 0.37500 0.20000
vt 0.40000 0.20000
vt 0.42500 0.20000
vt 0.45000 0.20000
vt 0.47500 0.20000
vt 0.50000 0.20000
vt 0.52500 0.20000
vt 0.55000 0.20000
vt 0.57500 0.20000
vt 0.60000 0.20000
vt 0.62500 0.20000
vt 0.65000 0.20000
vt 0.67500 0.20000
vt 0.70000 0.20000
vt 0.72500 0.20000
vt 0.75000 0.20000
vt 0.77500 0.20000
vt 0.80000 0.20000
vt 0.82500 0.20000
vt 0.85000 0.20000
vt 0.87500 0.20000
vt 0.90000 0.20000
vt 0.92500 0.20000
vt 0.95000 0.20000
vt 0.97500 0.20000
vt 1.00000 0.20000
vt 0.00000 0.25000
vt 0.02500 0.25000
vt 0.05000 0.25000
vt 0.07500 0.25000
vt 0.10000 0.25000
vt 0.12500 0.25000
vt 0.15000 0.25000
vt 0.17500 0.25000
vt 0.20000 0.25000
vt 0.22500 0.25000
vt 0.25000 0.25000
vt 0.27500 0.25000
vt 0.30000 0.25000
vt 0.32500 0.25000
vt 0.35000 0.25000
vt 0.37500 0.25000
vt 0.40000 0.25000
vt 0.42500 0.25000
vt 0.45000 0.25000
vt 0.47500 0.25000
vt 0.50000 0.25000
vt 0.52500 0.25000
vt 0.55000 0.25000
vt 0.57500 0.25000
vt 0.60000 0.25000
vt 0.62500 0.25000
vt 0.65000 0.25000
vt 0.67500 0.25000
vt 0.70000 0.25000
vt 0.72500 0.25000
vt 0.75000 0.25000
vt 0.77500 0.25000
vt 0.80000 0.25000
vt 0.82500 0.25000
vt 0.85000 0.25000
vt 0.87500 0.25000
vt 0.90000 0.25000
vt 0.92500 0.25000
vt 0.95000 0.25000
vt 0.97500 0.25000
vt 1.00000 0.25000
vt 0.00000 0.30000
vt 0.02500 0.30000
vt 0.05000 0.30000
vt 0.07500 0.30000
vt 0.10000 0.30000
vt 0.12500 0.30000
vt 0.15000 0.30000
vt 0.17500 0.30000
vt 0.20000 0.30000
vt 0.22500 0.30000
vt 0.25000 0.30000
vt 0.27500 0.30000
vt 0.30000 0.30000
vt 0.32500 0.30000
vt 0.35000 0.30000
vt 0.37500 0.30000
vt 0.40000 0.30000
vt 0.42500 0.30000
vt 0.45000 0.30000
vt 0.47500 0.30000
vt 0.50000 0.30000
vt 0.52500 0.30000
vt 0.55000 0.30000
vt 0.57500 0.30000
vt 0.60000 0.30000
vt 0.62500 0.30000
vt 0.65000 0.30000
vt 0.67500 0.30000
vt 0.70000 0.30000
vt 0.72500 0.30000
vt 0.75000 0.30000
vt 0.77500 0.30000
vt 0.80000 0.30000
vt 0.82500 0.30000
vt 0.85000 0.30000
vt 0.87500 0.30000
vt 0.90000 0.30000
vt 0.92500 0.30000
vt 0.95000 0.30000
vt 0.97500 0.30000
vt 1.00000 0.30000
vt 0.00000 0.35000
vt 0.02500 0.35000
vt 0.05000 0.35000
vt 0.07500 0.35000
vt 0.10000 0.35000
vt 0.12500 0.35000
vt 0.15000 0.35000
vt 0.17500 0.35000
vt 0.20000 0.35000
vt 0.22500 0.35000
vt 0.25000 0.35000
vt 0.27500 0.35000
vt 0.30000 0.35000
vt 0.32500 0.35000
vt 0.35000 0.35000
vt 0.37500 0.35000
vt 0.40000 0.35000
vt 0.42500 0.35000
vt 0.45000 0.35000
vt 0.47500 0.35000
vt 0.50000 0.35000
vt 0.52500 0.35000
vt 0.55000 0.35000
vt 0.57500 0.35000
vt 0.60000 0.35000
vt 0.62500 0.35000
vt 0.65000 0.35000
vt 0.67500 0.35000
vt 0.70000 0.35000
vt 0.72500 0.35000
vt 0.75000 0.35000
vt 0.77500 0.35000
vt 0.80000 0.35000
vt 0.82500 0.35000
vt 0.85000 0.35000
vt 0.87500 0.35000
vt 0.90000 0.35000
vt 0.92500 0.35000
vt 0.95000 0.35000
vt 0.97500 0.35000
vt 1.00000 0.35000
vt 0.00000 0.40000
vt 0.02500 0.40000
vt 0.05000 0.40000
vt 0.07500 0.40000
vt 0.10000 0.40000
vt 0.12500 0.40000
vt 0.15000 0.40000
vt 0.17500 0.40000
vt 0.20000 0.40000
vt 0.22500 0.40000
vt 0.25000 0.40000
vt 0.27500 0.40000
vt 0.30000 0.40000
vt 0.32500 0.40000
vt 0.35000 0.40000
vt 0.37500 0.40000
vt 0.40000 0.40000
vt 0.42500 0.40000
vt 0.45000 0.40000
vt 0.47500 0.40000
vt 0.50000 0.40000
vt 0.52500 0.40000
vt 0.55000 0.40000
vt 0.57500 0.40000
vt 0.60000 0.40000
vt 0.62500 0.40000
vt 0.65000 0.40000
vt 0.67500 0.40000
vt 0.70000 0.40000
vt 0.72500 0.40000
vt 0.75000 0.40000
vt 0.77500 0.40000
vt 0.80000 0.40000
vt 0.82500 0.40000
vt 0.85000 0.40000
vt 0.87500 0.40000
vt 0.90000 0.40000
vt 0.92500 0.40000
vt 0.95000 0.40000
vt 0.97500 0.40000
vt 1.00000 0.40000
vt 0.00000 0.45000
vt 0.02500 0.45000
vt 0.05000 0.45000
vt 0.07500 0.45000
vt 0.10000 0.45000
vt 0.12500 0.45000
vt 0.15000 0.45000
vt 0.17500 0.45000
vt 0.20000 0.45000
vt 0.22500 0.45000
vt 0.25000 0.45000
vt 0.27500 0.45000
vt 0.30000 0.45000
vt 0.32500 0.45000
vt 0.35000 0.45000
vt 0.37500 0.45000
vt 0.40000 0.45000
vt 0.42500 0.45000
vt 0.45000 0.45000
vt 0.47500 0.45000
vt 0.50000 0.45000
vt 0.52500 0.45000
vt 0.55000 0.45000
vt 0.57500 0.45000
vt 0.60000 0.45000
vt 0.62500 0.45000
vt 0.65000 0.45000
vt 0.67500 0.45000
vt 0.70000 0.45000
vt 0.72500 0.45000
vt 0.75000 0.45000
vt 0.77500 0.45000
vt 0.80000 0.45000
vt 0.82500 0.45000
vt 0.85000 0.45000
vt 0.87500 0.45000
vt 0.90000 0.45000
vt 0.92500 0.45000
vt 0.95000 0.45000
vt 0.97500 0.45000
vt 1.00000 0.45000
vt 0.00000 0.50000
vt 0.02500 0.50000
vt 0.05000 0.50000
vt 0.07500 0.50000
vt 0.10000 0.50000
vt 0.12500 0.50000
vt 0.15000 0.50000
vt 0.17500 0.50000
vt 0.20000 0.50000
vt 0.22500 0.50000
vt 0.25000 0.50000
vt 0.27500 0.50000
vt 0.30000 0.50000
vt 0.32500 0.50000
vt 0.35000 0.50000
vt 0.37500 0.50000
vt 0.40000 0.50000
vt 0.42500 0.50000
vt 0.45000 0.50000
vt 0.47500 0.50000
vt 0.50000 0.50000
vt 0.52500 0.50000
vt 0.55000 0.50000
vt 0.57500 0.50000
vt 0.60000 0.50000
vt 0.62500 0.50000
vt 0.65000 0.50000
vt 0.67500 0.50000
vt 0.70000 0.50000
vt 0.72500 0.50000
vt 0.75000 0.50000
vt 0.77500 0.50000
vt 0.80000 0.50000
vt 0.82500 0.50000
vt 0.85000 0.50000
vt 0.87500 0.50000
vt 0.90000 0.50000
vt 0.92500 0.50000
vt 0.95000 0.50000
vt 0.97500 0.50000
vt 1.00000 0.50000
vt 0.00000 0.55000
vt 0.02500 0.55000
vt 0.05000 0.55000
vt 0.07500 0.55000
vt 0.10000 0.55000
vt 0.12500 0.55000
vt 0.15000 0.55000
vt 0.17500 0.55000
vt 0.20000 0.55000
vt 0.22500 0.55000
vt 0.25000 0.55000
vt 0.27500 0.55000
vt 0.30000 0.55000
vt 0.32500 0.55000
vt 0.35000 0.55000
vt 0.37500 0.55000
vt 0.40000 0.55000
vt 0.42500 0.55000
vt 0.45000 0.55000
vt 0.47500 0.55000
vt 0.50000 0.55000
vt 0.52500 0.55000
vt 0.55000 0.55000
vt 0.57500 0.55000
vt 0.60000 0.55000
vt 0.62500 0.55000
vt 0.65000 0.55000
vt 0.67500 0.55000
vt 0.70000 0.55000
vt 0.72500 0.55000
vt 0.75000 0.55000
vt 0.77500 0.55000
vt 0.80000 0.55000
vt 0.82500 0.55000
vt 0.85000 0.55000
vt 0.87500 0.55000
vt 0.90000 0.55000
vt 0.92500 0.55000
vt 0.95000 0.55000
vt 0.97500 0.55000
vt 1.00000 0.55000
vt 0.00000 0.60000
vt 0.02500 0.60000
vt 0.05000 0.60000
vt 0.07500 0.60000
vt 0.10000 0.60000
vt 0.12500 0.60000
vt 0.15000 0.60000
vt 0.17500 0.60000
vt 0.20000 0.60000
vt 0.22500 0.60000
vt 0.25000 0.60000
vt 0.27500 0.60000
vt 0.30000 0.60000
vt 0.32500 0.60000
vt 0.35000 0.60000
vt 0.37500 0.60000
vt 0.40000 0.60000
vt 0.42500 0.60000
vt 0.45000 0.60000
vt 0.47500 0.60000
vt 0.50000 0.60000
vt 0.52500 0.60000
vt 0.55000 0.60000
vt 0.57500 0.60000
vt 0.60000 0.60000
vt 0.62500 0.60000
vt 0.65000 0.60000
vt 0.67500 0.60000
vt 0.70000 0.60000
vt 0.72500 0.60000
vt 0.75000 0.60000
vt 0.77500 0.60000
vt 0.80000 0.60000
vt 0.82500 0.60000
vt 0.85000 0.60000
vt 0.87500 0.60000
vt 0.90000 0.60000
vt 0.92500 0.60000
vt 0.95000 0.60000
vt 0.97500 0.60000
vt 1.00000 0.60000
vt 0.00000 0.65000
vt 0.02500 0.65000
vt 0.05000 0.65000
vt 0.07500 0.65000
vt 0.10000 0.65000
vt 0.12500 0.65000
vt 0.15000 0.65000
vt 0.17500 0.65000
vt 0.20000 0.65000
vt 0.22500 0.65000
vt 0.25000 0.65000
vt 0.27500 0.65000
vt 0.30000 0.65000
vt 0.32500 0.65000
vt 0.35000 0.65000
vt 0.37500 0.65000
vt 0.40000 0.65000
vt 0.42500 0.65000
vt 0.45000 0.65000
vt 0.47500 0.65000
vt 0.50000 0.65000
vt 0.52500 0.65000
vt 0.55000 0.65000
vt 0.57500 0.65000
vt 0.60000 0.65000
vt 0.62500 0.65000
vt 0.65000 0.65000
vt 0.67500 0.65000
vt 0.70000 0.65000
vt 0.72500 0.65000
vt 0.75000 0.65000
vt 0.77500 0.65000
vt 0.80000 0.65000
vt 0.82500 0.65000
vt 0.85000 0.65000
vt 0.87500 0.65000
vt 0.90000 0.65000
vt 0.92500 0.65000
vt 0.95000 0.65000
vt 0.97500 0.65000
vt 1.00000 0.65000
vt 0.00000 0.70000
vt 0.02500 0.70000
vt 0.05000 0.70000
vt 0.07500 0.70000
vt 0.10000 0.70000
vt 0.12500 0.70000
vt 0.15000 0.70000
vt 0.17500 0.70000
vt 0.20000 0.70000
vt 0.22500 0.70000
vt 0.25000 0.70000
vt 0.27500 0.70000
vt 0.30000 0.70000
vt 0.32500 0.70000
vt 0.35000 0.70000
vt 0.37500 0.70000
vt 0.40000 0.70000
vt 0.42500 0.70000
vt 0.45000 0.70000
vt 0.47500 0.70000
vt 0.50000 0.70000
vt 0.52500 0.70000
vt 0.55000 0.70000
vt 0.57500 0.70000
vt 0.60000 0.70000
vt 0.62500 0.70000
vt 0.65000 0.70000
vt 0.67500 0.70000
vt 0.70000 0.70000
vt 0.72500 0.70000
vt 0.75000 0.70000
vt 0.77500 0.70000
vt 0.80000 0.70000
vt 0.82500 0.70000
vt 0.85000 0.70000
vt 0.87500 0.70000
vt 0.90000 0.70000
vt 0.92500 0.70000
vt 0.95000 0.70000
vt 0.97500 0.70000
vt 1.00000 0.70000
vt 0.00000 0.75000
vt 0.02500 0.75000
vt 0.05000 0.75000
vt 0.07500 0.75000
vt 0.10000 0.75000
vt 0.12500 0.75000
vt 0.15000 0.75000
vt 0.17500 0.75000
vt 0.20000 0.75000
vt 0.22500 0.75000
vt 0.25000 0.75000
vt 0.27500 0.75000
vt 0.30000 0.75000
vt 0.32500 0.75000
vt 0.35000 0.75000
vt 0.37500 0.75000
vt 0.40000 0.75000
vt 0.42500 0.75000
vt 0.45000 0.75000
vt 0.47500 0.75000
vt 0.50000 0.75000
vt 0.52500 0.75000
vt 0.55000 0.75000
vt 0.57500 0.75000
vt 0.60000 0.75000
vt 0.62500 0.75000
vt 0.65000 0.75000
vt 0.67500 0.75000
vt 0.70000 0.75000
vt 0.72500 0.75000
vt 0.75000 0.75000
vt 0.77500 0.75000
vt 0.80000 0.75000
vt 0.82500 0.75000
vt 0.85000 0.75000
vt 0.87500 0.75000
vt 0.90000 0.75000
vt 0.92500 0.75000
vt 0.95000 0.75000
vt 0.97500 0.75000
vt 1.00000 0.75000
vt 0.00000 0.80000
vt 0.02500 0.80000
vt 0.05000 0.80000
vt 0.07500 0.80000
vt 0.10000 0.80000
vt 0.12500 0.80000
vt 0.15000 0.80000
vt 0.17500 0.80000
vt 0.20000 0.80000
vt 0.22500 0.80000
vt 0.25000 0.80000
vt 0.27500 0.80000
vt 0.30000 0.80000
vt 0.32500 0.80000
vt 0.35000 0.80000
vt 0.37500 0.80000
vt 0.40000 0.80000
vt 0.42500 0.80000
vt 0.45000 0.80000
vt 0.47500 0.80000
vt 0.50000 0.80000
vt 0.52500 0.80000
vt 0.55000 0.80000
vt 0.57500 0.80000
vt 0.60000 0.80000
vt 0.62500 0.80000
vt 0.65000 0.80000
vt 0.67500 0.80000
vt 0.70000 0.80000
vt 0.72500 0.80000
vt 0.75000 0.80000
vt 0.77500 0.80000
vt 0.80000 0.80000
vt 0.82500 0.80000
vt 0.85000 0.80000
vt 0.87500 0.80000
vt 0.90000 0.80000
vt 0.92500 0.80000
vt 0.95000 0.80000
vt 0.97500 0.80000
vt 1.00000 0.80000
vt 0.00000 0.85000
vt 0.02500 0.85000
vt 0.05000 0.85000
vt 0.07500 0.85000
vt 0.10000 0.85000
vt 0.12500 0.85000
vt 0.15000 0.85000
vt 0.17500 0.85000
vt 0.20000 0.85000
vt 0.22500 0.85000
vt 0.25000 0.85000
vt 0.27500 0.85000
vt 0.30000 0.85000
vt 0.32500 0.85000
vt 0.35000 0.85000
vt 0.37500 0.85000
vt 0.40000 0.85000
vt 0.42500 0.85000
vt 0.45000 0.85000
vt 0.47500 0.85000
vt 0.50000 0.85000
vt 0.52500 0.85000
vt 0.55000 0.85000
vt 0.57500 0.85000
vt 0.60000 0.85000
vt 0.62500 0.85000
vt 0.65000 0.85000
vt 0.67500 0.85000
vt 0.70000 0.85000
vt 0.72500 0.85000
vt 0.75000 0.85000
vt 0.77500 0.85000
vt 0.80000 0.85000
vt 0.82500 0.85000
vt 0.85000 0.85000
vt 0.87500 0.85000
vt 0.90000 0.85000
vt 0.92500 0.85000
vt 0.95000 0.85000
vt 0.97500 0.85000
vt 1.00000 0.85000
vt 0.00000 0.90000
vt 0.02500 0.90000
vt 0.05000 0.90000
vt 0.07500 0.90000
vt 0.10000 0.90000
vt 0.12500 0.90000
vt 0.15000 0.90000
vt 0.17500 0.90000
vt 0.20000 0.90000
vt 0.22500 0.90000
vt 0.25000 0.90000
vt 0.27500 0.90000
vt 0.30000 0.90000
vt 0.32500 0.90000
vt 0.35000 0.90000
vt 0.37500 0.90000
vt 0.40000 0.90000
vt 0.42500 0.90000
vt 0.45000 0.90000
vt 0.47500 0.90000
vt 0.50000 0.90000
vt 0.52500 0.90000
vt 0.55000 0.90000
vt 0.57500 0.90000
vt 0.60000 0.90000
vt 0.62500 0.90000
vt 0.65000 0.90000
vt 0.67500 0.90000
vt 0.70000 0.90000
vt 0.72500 0.90000
vt 0.75000 0.90000
vt 0.77500 0.90000
vt 0.80000 0.90000
vt 0.82500 0.90000
vt 0.85000 0.90000
vt 0.87500 0.90000
vt 0.90000 0.90000
vt 0.92500 0.90000
vt 0.95000 0.90000
vt 0.97500 0.90000
vt 1.00000 0.90000
vt 0.00000 0.95000
vt 0.02500 0.95000
vt 0.05000 0.95000
vt 0.07500 0.95000
vt 0.10000 0.95000
vt 0.12500 0.95000
vt 0.15000 0.95000
vt 0.17500 0.95000
vt 0.20000 0.95000
vt 0.22500 0.95000
vt 0.25000 0.95000
vt 0.27500 0.95000
vt 0.30000 0.95000
vt 0.32500 0.95000
vt 0.35000 0.95000
vt 0.37500 0.95000
vt 0.40000 0.95000
vt 0.42500 0.95000
vt 0.45000 0.95000
vt 0.47500 0.95000
vt 0.50000 0.95000
vt 0.52500 0.95000
vt 0.55000 0.95000
vt 0.57500 0.95000
vt 0.60000 0.95000
vt 0.62500 0.95000
vt 0.65000 0.95000
vt 0.67500 0.95000
vt 0.70000 0.95000
vt 0.72500 0.95000
vt 0.75000 0.95000
vt 0.77500 0.95000
vt 0.80000 0.95000
vt 0.82500 0.95000
vt 0.85000 0.95000
vt 0.87500 0.95000
vt 0.90000 0.95000
vt 0.92500 0.95000
vt 0.95000 0.95000
vt 0.97500 0.95000
vt 1.00000 0.95000
vt 0.00000 1.00000
vt 0.02500 1.00000
vt 0.05000 1.00000
vt 0.07500 1.00000
vt 0.10000 1.00000
vt 0.12500 1.00000
vt 0.15000 1.00000
vt 0.17500 1.00000
vt 0.20000 1.00000
vt 0.22500 1.00000
vt 0.25000 1.00000
vt 0.27500 1.00000
vt 0.30000 1.00000
vt 0.32500 1.00000
vt 0.35000 1.00000
vt 0.37500 1.00000
vt 0.40000 1.00000
vt 0.42500 1.00000
vt 0.45000 1.00000
vt 0.47500 1.00000
vt 0.50000 1.00000
vt 0.52500 1.00000
vt 0.55000 1.00000
vt 0.57500 1.00000
vt 0.60000 1.00000
vt 0.62500 1.00000
vt 0.65000 1.00000
vt 0.67500 1.00000
vt 0.70000 1.00000
vt 0.72500 1.00000
vt 0.75000 1.00000
vt 0.77500 1.00000
vt 0.80000 1.00000
vt 0.82500 1.00000
vt 0.85000 1.00000
vt 0.87500 1.00000
vt 0.90000 1.00000
vt 0.92500 1.00000
vt 0.95000 1.00000
vt 0.97500 1.00000
vt 1.00000 1.00000

f 1/1/1 43/43/43 2/2/2
f 1/1/1 42/42/42 43/43/43
f 2/2/2 44/44/44 3/3/3
f 2/2/2 43/43/43 44/44/44
f 3/3/3 45/45/45 4/4/4
f 3/3/3 44/44/44 45/45/45
f 4/4/4 46/46/46 5/5/5
f 4/4/4 45/45/45 46/46/46
f 5/5/5 47/47/47 6/6/6
f 5/5/5 46/46/46 47/47/47
f 6/6/6 48/48/48 7/7/7
f 6/6/6 47/47/47 48/48/48
f 7/7/7 49/49/49 8/8/8
f 7/7/7 48/48/48 49/49/49
f 8/8/8 50/50/50 9/9/9
f 8/8/8 49/49/49 50/50/50
f 9/9/9 51/51/51 10/10/10
f 9/9/9 50/50/50 51/51/51
f 10/10/10 52/52/52 11/11/11
f 10/10/10 51/51/51 52/52/52
f 11/11/11 53/53/53 12/12/12
f 11/11/11 52/52/52 53/53/53
f 12/12/12 54/54/54 13/13/13
f 12/12/12 53/53/53 54/54/54
f 13/13/13 55/55/55 14/14/14
f 13/13/13 54/54/54 55/55/55
f 14/14/14 56/56/56 15/15/15
f 14/14/14 55/55/55 56/56/56
f 15/15/15 57/57/57 16/16/16
f 15/15/15 56/56/56 57/57/57
f 16/16/16 58/58/58 17/17/17
f 16/16/16 57/57/57 58/58/58
f 17/17/17 59/59/59 18/18/18
f 17/17/17 58/58/58 59/59/59
f 18/18/18 60/60/60 19/19/19
f 18/18/18 59/59/59 60/60/60
f 19/19/19 61/61/61 20/20/20
f 19/19/19 60/60/60 61/61/61
f 20/20/20 62/62/62 21/21/21
f 20/20/20 61/61/61 62/62/62
f 21/21/21 63/63/63 22/22/22
f 21/21/21 62/62/62 63/63/63
f 22/22/22 64/64/64 23/23/23
f 22/22/22 63/63/63 64/64/64
f 23/23/23 65/65/65 24/24/24
f 23/23/23 64/64/64 65/65/65
f 24/24/24 66/66/66 25/25/25
f 24/24/24 65/65/65 66/66/66
f 25/25/25 67/67/67 26/26/26
f 25/25/25 66/66/66 67/67/67
f 26/26/26 68/68/68 27/27/27
f 26/26/26 67/67/67 68/68/68
f 27/27/27 69/69/69 28/28/28
f 27/27/27 68/68/68 69/69/69
f 28/28/28 70/70/70 29/29/29
f 28/28/28 69/69/69 70/70/70
f 29/29/29 71/71/71 30/30/30
f 29/29/29 70/70/70 71/71/71
f 30/30/30 72/72/72 31/31/31
f 30/30/30 71/71/71 72/72/72
f 31/31/31 73/73/73 32/32/32
f 31/31/31 72/72/72 73/73/73
f 32/32/32 74/74/74 33/33/33
f 32/32/32 73/73/73 74/74/74
f 33/33/33 75/75/75 34/34/34
f 33/33/33 74/74/74 75/75/75
f 34/34/34 76/76/76 35/35/35
f 34/34/34 75/75/75 76/76/76
f 35/35/35 77/77/77 36/36/36
f 35/35/35 76/76/76 77/77/77
f 36/36/36 78/78/78 37/37/37
f 36/36/36 77/77/77 78/78/78
f 37/37/37 79/79/79 38/38/38
f 37/37/37 78/78/78 79/79/79
f 38/38/38 80/80/80 39/39/39
f 38/38/38 79/79/79 80/80/80
f 39/39/39 81/81/81 40/40/40
f 39/39/39 80/80/80 81/81/81
f 40/40/40 82/82/82 41/41/41
f 40/40/40 81/81/81 82/82/82
f 42/42/42 84/84/84 43/43/43
f 42/42/42 83/83/83 84/84/84
f 43/43/43 85/85/85 44/44/44
f 43/43/43 84/84/84 85/85/85
f 44/44/44 86/86/86 45/45/45
f 44/44/44 85/85/85 86/86/86
f 45/45/45 87/87/87 46/46/46
f 45/45/45 86/86/86 87/87/87
f 46/46/46 88/88/88 47/47/47
f 46/46/46 87/87/87 88/88/88
f 47/47/47 89/89/89 48/48/48
f 47/47/47 88/88/88 89/89/89
f 48/48/48 90/90/90 49/49/49
f 48/48/48 89/89/89 90/90/90
f 49/49/49 91/91/91 50/50/50
f 49/49/49 90/90/90 91/91/91
f 50/50/50 92/92/92 51/51/51
f 50/50/50 91/91/91 92/92/92
f 51/51/51 93/93/93 52/52/52
f 51/51/51 92/92/92 93/93/93
f 52/52/52 94/94/94 53/53/53
f 52/52/52 93/93/93 94/94/94
f 53/53/53 95/95/95 54/54/54
f 53/53/53 94/94/94 95/95/95
f 54/54/54 96/96/96 55/55/55
f 54/54/54 95/95/95 96/96/96
f 55/55/55 97/97/97 56/56/56
f 55/55/55 96/96/96 97/97/97
f 56/56/56 98/98/98 57/57/57
f 56/56/56 97/97/97 98/98/98
f 57/57/57 99/99/99 58/58/58
f 57/57/57 98/98/98 99/99/99
f 58/58/58 100/100/100 59/59/59
f 58/58/58 99/99/99 100/100/100
f 59/59/59 101/101/101 60/60/60
f 59/59/59 100/100/100 101/101/101
f 60/60/60 102/102/102 61/61/61
f 60/60/60 101/101/101 102/102/102
f 61/61/61 103/103/103 62/62/62
f 61/61/61 102/102/102 103/103/103
f 62/62/62 104/104/104 63/63/63
f 62/62/62 103/103/103 104/104/104
f 63/63/63 105/105/105 64/64/64
f 63/63/63 104/104/104 105/105/105
f 64/64/64 106/106/106 65/65/65
f 64/64/64 105/105/105 106/106/106
f 65/65/65 107/107/107 66/66/66
f 65/65/65 106/106/106 107/107/107
f 66/66/66 108/108/108 67/67/67
f 66/66/66 107/107/107 108/108/108
f 67/67/67 109/109/109 68/68/68
f 67/67/67 108/108/108 109/109/109
f 68/68/68 110/110/110 69/69/69
f 68/68/68 109/109/109 110/110/110
f 69/69/69 111/111/111 70/70/70
f 69/69/69 110/110/110 111/111/111
f 70/70/70 112/112/112 71/71/71
f 70/70/70 111/111/111 112/112/112
f 71/71/71 113/113/113 72/72/72
f 71/71/71 112/112/112 113/113/113
f 72/72/72 114/114/114 73/73/73
f 72/72/72 113/113/113 114/114/114
f 73/73/73 115/115/115 74/74/74
f 73/73/73 114/114/114 115/115/115
f 74/74/74 116/116/116 75/75/75
f 74/74/74 115/115/115 116/116/116
f 75/75/75 117/117/117 76/76/76
f 75/75/75 116/116/116 117/117/117
f 76/76/76 118/118/118 77/77/77
f 76/76/76 117/117/117 118/118/118
f 77/77/77 119/119/119 78/78/78
f 77/77/77 118/118/118 119/119/119
f 78/78/78 120/120/120 79/79/79
f 78/78/78 119/119/119 120/120/120
f 79/79/79 121/121/121 80/80/80
f 79/79/79 120/120/120 121/121/121
f 80/80/80 122/122/122 81/81/81
f 80/80/80 121/121/121 122/122/122
f 81/81/81 123/123/123 82/82/82
f 81/81/81 122/122/122 123/123/123
f 83/83/83 125/125/125 84/84/84
f 83/83/83 124/124/124 125/125/125
f 84/84/84 126/126/126 85/85/85
f 84/84/84 125/125/125 126/126/126
f 85/85/85 127/127/127 86/86/86
f 85/85/85 126/126/126 127/127/127
f 86/86/86 128/128/128 87/87/87
f 86/86/86 127/127/127 128/128/128
f 87/87/87 129/129/129 88/88/88
f 87/87/87 128/128/128 129/129/129
f 88/88/88 130/130/130 89/89/89
f 88/88/88 129/129/129 130/130/130
f 89/89/89 131/131/131 90/90/90
f 89/89/89 130/130/130 131/131/131
f 90/90/90 132/132/132 91/91/91
f 90/90/90 131/131/131 132/132/132
f 91/91/91 133/133/133 92/92/92
f 91/91/91 132/132/132 133/133/133
f 92/92/92 134/134/134 93/93/93
f 92/92/92 133/133/133 134/134/134
f 93/93/93 135/135/135 94/94/94
f 93/93/93 134/134/134 135/135/135
f 94/94/94 136/136/136 95/95/95
f 94/94/94 135/135/135 136/136/136
f 95/95/95 137/137/137 96/96/96
f 95/95/95 136/136/136 137/137/137
f 96/96/96 138/138/138 97/97/97
f 96/96/96 137/137/137 138/138/138
f 97/97/97 139/139/139 98/98/98
f 97/97/97 138/138/138 139/139/139
f 98/98/98 140/140/140 99/99/99
f 98/98/98 139/139/139 140/140/140
f 99/99/99 141/141/141 100/100/100
f 99/99/99 140/140/140 141/141/141
f 100/100/100 142/142/142 101/101/101
f 100/100/100 141/141/141 142/142/142
f 101/101/101 143/143/143 102/102/102
f 101/101/101 142/142/142 143/143/143
f 102/102/102 144/144/144 103/103/103
f 102/102/102 143/143/143 144/144/144
f 103/103/103 145/145/145 104/104/104
f 103/103/103 144/144/144 145/145/145
f 104/104/104 146/146/146 105/105/105
f 104/104/104 145/145/145 146/146/146
f 105/105/105 147/147/147 106/106/106
f 105/105/105 146/146/146 147/147/147
f 106/106/106 148/148/148 107/107/107
f 106/106/106 147/147/147 148/148/148
f 107/107/107 149/149/149 108/108/108
f 107/107/107 148/148/148 149/149/149
f 108/108/108 150/150/150 109/109/109
f 108/108/108 149/149/149 150/150/150
f 109/109/109 151/151/151 110/110/110
f 109/109/109 150/150/150 151/151/151
f 110/110/110 152/152/152 111/111/111
f 110/110/110 151/151/151 152/152/152
f 111/111/111 153/153/153 112/112/112
f 111/111/111 152/152/152 153/153/153
f 112/112/112 154/154/154 113/113/113
f 112/112/112 153/153/153 154/154/154
f 113/113/113 155/155/155 114/114/114
f 113/113/113 154/154/154 155/155/155
f 114/114/114 156/156/156 115/115/115
f 114/114/114 155/155/155 156/156/156
f 115/115/115 157/157/157 116/116/116
f 115/115/115 156/156/156 157/157/157
f 116/116/116 158/158/158 117/117/117
f 116/116/116 157/157/157 158/158/158
f 117/117/117 159/159/159 118/118/118
f 117/117/117 158/158/158 159/159/159
f 118/118/118 160/160/160 119/119/119
f 118/118/118 159/159/159 160/160/160
f 119/119/119 161/161/161 120/120/120
f 119/119/119 160/160/160 161/161/161
f 120/120/120 162/162/162 121/121/121
f 120/120/120 161/161/161 162/162/162
f 121/121/121 163/163/163 122/122/122
f 121/121/121 162/162/162 163/163/163
f 122/122/122 164/164/164 123/123/123
f 122/122/122 163/163/163 164/164/164
f 124/124/124 166/166/166 125/125/125
f 124/124/124 165/165/165 166/166/166
f 125/125/125 167/167/167 126/126/126
f 125/125/125 166/166/166 167/167/167
f 126/126/126 168/168/168 127/127/127
f 126/126/126 167/167/167 168/168/168
f 127/127/127 169/169/169 128/128/128
f 127/127/127 168/168/168 169/169/169
f 128/128/128 170/170/170 129/129/129
f 128/128/128 169/169/169 170/170/170
f 129/129/129 171/171/171 130/130/130
f 129/129/129 170/170/170 171/171/171
f 130/130/130 172/172/172 131/131/131
f 130/130/130 171/171/171 172/172/172
f 131/131/131 173/173/173 132/132/132
f 131/131/131 172/172/172 173/173/173
f 132/132/132 174/174/174 133/133/133
f 132/132/132 173/173/173 174/174/174
f 133/133/133 175/175/175 134/134/134
f 133/133/133 174/174/174 175/175/175
f 134/134/134 176/176/176 135/135/135
f 134/134/134 175/175/175 176/176/176
f 135/135/135 177/177/177 136/136/136
f 135/135/135 176/176/176 177/177/177
f 136/136/136 178/178/178 137/137/137
f 136/136/136 177/177/177 178/178/178
f 137/137/137 179/179/179 138/138/138
f 137/137/137 178/178/178 179/179/179
f 138/138/138 180/180/180 139/139/139
f 138/138/138 179/179/179 180/180/180
f 139/139/139 181/181/181 140/140/140
f 139/139/139 180/180/180 181/181/181
f 140/140/140 182/182/182 141/141/141
f 140/140/140 181/181/181 182/182/182
f 141/141/141 183/183/183 142/142/142
f 141/141/141 182/182/182 183/183/183
f 142/142/142 184/184/184 143/143/143
f 142/142/142 183/183/183 184/184/184
f 143/143/143 185/185/185 144/144/144
f 143/143/143 184/184/184 185/185/185
f 144/144/144 186/186/186 145/145/145
f 144/144/144 185/185/185 186/186/186
f 145/145/145 187/187/187 146/146/146
f 145/145/145 186/186/186 187/187/187
f 146/146/146 188/188/188 147/147/147
f 146/146/146 187/187/187 188/188/188
f 147/147/147 189/189/189 148/148/148
f 147/147/147 188/188/188 189/189/189
f 148/148/148 190/190/190 149/149/149
f 148/148/148 189/189/189 190/190/190
f 149/149/149 191/191/191 150/150/150
f 149/149/149 190/190/190 191/191/191
f 150/150/150 192/192/192 151/151/151
f 150/150/150 191/191/191 192/192/192
f 151/151/151 193/193/193 152/152/152
f 151/151/151 192/192/192 193/193/193
f 152/152/152 194/194/194 153/153/153
f 152/152/152 193/193/193 194/194/194
f 153/153/153 195/195/195 154/154/154
f 153/153/153 194/194/194 195/195/195
f 154/154/154 196/196/196 155/155/155
f 154/154/154 195/195/195 196/196/196
f 155/155/155 197/197/197 156/156/156
f 155/155/155 196/196/196 197/197/197
f 156/156/156 198/198/198 157/157/157
f 156/156/156 197/197/197 198/198/198
f 157/157/157 199/199/199 158/158/158
f 157/157/157 198/198/198 199/199/199
f 158/158/158 200/200/200 159/159/159
f 158/158/158 199/199/199 200/200/200
f 159/159/159 201/201/201 160/160/160
f 159/159/159 200/200/200 201/201/201
f 160/160/160 202/202/202 161/161/161
f 160/160/160 201/201/201 202/202/202
f 161/161/161 203/203/203 162/162/162
f 161/161/161 202/202/202 203/203/203
f 162/162/162 204/204/204 163/163/163
f 162/162/162 203/203/203 204/204/204
f 163/163/163 205/205/205 164/164/164
f 163/163/163 204/204/204 205/205/205
f 165/165/165 207/207/207 166/166/166
f 165/165/165 206/206/206 207/207/207
f 166/166/166 208/208/208 167/167/167
f 166/166/166 207/207/207 208/208/208
f 167/167/167 209/209/209 168/168/168
f 167/167/167 208/208/208 209/209/209
f 168/168/168 210/210/210 169/169/169
f 168/168/168 209/209/209 210/210/210
f 169/169/169 211/211/211 170/170/170
f 169/169/169 210/210/210 211/211/211
f 170/170/170 212/212/212 171/171/171
f 170/170/170 211/211/211 212/212/212
f 171/171/171 213/213/213 172/172/172
f 171/171/171 212/212/212 213/213/213
f 172/172/172 214/214/214 173/173/173
f 172/172/172 213/213/213 214/214/214
f 173/173/173 215/215/215 174/174/174
f 173/173/173 214/214/214 215/215/215
f 174/174/174 216/216/216 175/175/175
f 174/174/174 215/215/215 216/216/216
f 175/175/175 217/217/217 176/176/176
f 175/175/175 216/216/216 217/217/217
f 176/176/176 218/218/218 177/177/177
f 176/176/176 217/217/217 218/218/218
f 177/177/177 219/219/219 178/178/178
f 177/177/177 218/218/218 219/219/219
f 178/178/178 220/220/220 179/179/179
f 178/178/178 219/219/219 220/220/220
f 179/179/179 221/221/221 180/180/180
f 179/179/179 220/220/220 221/221/221
f 180/180/180 222/222/222 181/181/181
f 180/180/180 221/221/221 222/222/222
f 181/181/181 223/223/223 182/182/182
f 181/181/181 222/222/222 223/223/223
f 182/182/182 224/224/224 183/183/183
f 182/182/182 223/223/223 224/224/224
f 183/183/183 225/225/225 184/184/184
f 183/183/183 224/224/224 225/225/225
f 184/184/184 226/226/226 185/185/185
f 184/184/184 225/225/225 226/226/226
f 185/185/185 227/227/227 186/186/186
f 185/185/185 226/226/226 227/227/227
f 186/186/186 228/228/228 187/187/187
f 186/186/186 227/227/227 228/228/228
f 187/187/187 229/229/229 188/188/188
f 187/187/187 228/228/228 229/229/229
f 188/188/188 230/230/230 189/189/189
f 188/188/188 229/229/229 230/230/230
f 189/189/189 231/231/231 190/190/190
f 189/189/189 230/230/230 231/231/231
f 190/190/190 232/232/232 191/191/191
f 190/190/190 231/231/231 232/232/232
f 191/191/191 233/233/233 192/192/192
f 191/191/191 232/232/232 233/233/233
f 192/192/192 234/234/234 193/193/193
f 192/192/192 233/233/233 234/234/234
f 193/193/193 235/235/235 194/194/194
f 193/193/193 234/234/234 235/235/235
f 194/194/194 236/236/236 195/195/195
f 194/194/194 235/235/235 236/236/236
f 195/195/195 237/237/237 196/196/196
f 195/195/195 236/236/236 237/237/237
f 196/196/196 238/238/238 197/197/197
f 196/196/196 237/237/237 238/238/238
f 197/197/197 239/239/239 198/198/198
f 197/197/197 238/238/238 239/239/239
f 198/198/198 240/240/240 199/199/199
f 198/198/198 239/239/239 240/240/240
f 199/199/199 241/241/241 200/200/200
f 199/199/199 240/240/240 241/241/241
f 200/200/200 242/242/242 201/201/201
f 200/200/200 241/241/241 242/242/242
f 201/201/201 243/243/243 202/202/202
f 201/201/201 242/242/242 243/243/243
f 202/202/202 244/244/244 203/203/203
f 202/202/202 243/243/243 244/244/244
f 203/203/203 245/245/245 204/204/204
f 203/203/203 244/244/244 245/245/245
f 204/204/204 246/246/246 205/205/205
f 204/204/204 245/245/245 246/246/246
f 206/206/206 248/248/248 207/207/207
f 206/206/206 247/247/247 248/248/248
f 207/207/207 249/249/249 208/208/208
f 207/207/207 248/248/248 249/249/249
f 208/208/208 250/250/250 209/209/209
f 208/208/208 249/249/249 250/250/250
f 209/209/209 251/251/251 210/210/210
f 209/209/209 250/250/250 251/251/251
f 210/210/210 252/252/252 211/211/211
f 210/210/210 251/251/251 252/252/252
f 211/211/211 253/253/253 212/212/212
f 211/211/211 252/252/252 253/253/253
f 212/212/212 254/254/254 213/213/213
f 212/212/212 253/253/253 254/254/254
f 213/213/213 255/255/255 214/214/214
f 213/213/213 254/254/254 255/255/255
f 214/214/214 256/256/256 215/215/215
f 214/214/214 255/255/255 256/256/256
f 215/215/215 257/257/257 216/216/216
f 215/215/215 256/256/256 257/257/257
f 216/216/216 258/258/258 217/217/217
f 216/216/216 257/257/257 258/258/258
f 217/217/217 259/259/259 218/218/218
f 217/217/217 258/258/258 259/259/259
f 218/218/218 260/260/260 219/219/219
f 218/218/218 259/259/259 260/260/260
f 219/219/219 261/261/261 220/220/220
f 219/219/219 260/260/260 261/261/261
f 220/220/220 262/262/262 221/221/221
f 220/220/220 261/261/261 262/262/262
f 221/221/221 263/263/263 222/222/222
f 221/221/221 262/262/262 263/263/263
f 222/222/222 264/264/264 223/223/223
f 222/222/222 263/263/263 264/264/264
f 223/223/223 265/265/265 224/224/224
f 223/223/223 264/264/264 265/265/265
f 224/224/224 266/266/266 225/225/225
f 224/224/224 265/265/265 266/266/266
f 225/225/225 267/267/267 226/226/226
f 225/225/225 266/266/266 267/267/267
f 226/226/226 268/268/268 227/227/227
f 226/226/226 267/267/267 268/268/268
f 227/227/227 269/269/269 228/228/228
f 227/227/227 268/268/268 269/269/269
f 228/228/228 270/270/270 229/229/229
f 228/228/228 269/269/269 270/270/270
f 229/229/229 271/271/271 230/230/230
f 229/229/229 270/270/270 271/271/271
f 230/230/230 272/272/272 231/231/231
f 230/230/230 271/271/271 272/272/272
f 231/231/231 273/273/273 232/232/232
f 231/231/231 272/272/272 273/273/273
f 232/232/232 274/274/274 233/233/233
f 232/232/232 273/273/273 274/274/274
f 233/233/233 275/275/275 234/234/234
f 233/233/233 274/274/274 275/275/275
f 234/234/234 276/276/276 235/235/235
f 234/234/234 275/275/275 276/276/276
f 235/235/235 277/277/277 236/236/236
f 235/235/235 276/276/276 277/277/277
f 236/236/236 278/278/278 237/237/237
f 236/236/236 277/277/277 278/278/278
f 237/237/237 279/279/279 238/238/238
f 237/237/237 278/278/278 279/279/279
f 238/238/238 280/280/280 239/239/239
f 238/238/238 279/279/279 280/280/280
f 239/239/239 281/281/281 240/240/240
f 239/239/239 280/280/280 281/281/281
f 240/240/240 282/282/282 241/241/241
f 240/240/240 281/281/281 282/282/282
f 241/241/241 283/283/283 242/242/242
f 241/241/241 282/282/282 283/283/283
f 242/242/242 284/284/284 243/243/243
f 242/242/242 283/283/283 284/284/284
f 243/243/243 285/285/285 244/244/244
f 243/243/243 284/284/284 285/285/285
f 244/244/244 286/286/286 245/245/245
f 244/244/244 285/285/285 286/286/286
f 245/245/245 287/287/287 246/246/246
f 245/245/245 286/286/286 287/287/287
f 247/247/247 289/289/289 248/248/248
f 247/247/247 288/288/288 289/289/289
f 248/248/248 290/290/290 249/249/249
f 248/248/248 289/289/289 290/290/290
f 249/249/249 291/291/291 250/250/250
f 249/249/249 290/290/290 291/291/291
f 250/250/250 292/292/292 251/251/251
f 250/250/250 291/291/291 292/292/292
f 251/251/251 293/293/293 252/252/252
f 251/251/251 292/292/292 293/293/293
f 252/252/252 294/294/294 253/253/253
f 252/252/252 293/293/293 294/294/294
f 253/253/253 295/295/295 254/254/254
f 253/253/253 294/294/294 295/295/295
f 254/254/254 296/296/296 255/255/255
f 254/254/254 295/295/295 296/296/296
f 255/255/255 297/297/297 256/256/256
f 255/255/255 296/296/296 297/297/297
f 256/256/256 298/298/298 257/257/257
f 256/256/256 297/297/297 298/298/298
f 257/257/257 299/299/299 258/258/258
f 257/257/257 298/298/298 299/299/299
f 258/258/258 300/300/300 259/259/259
f 258/258/258 299/299/299 300/300/300
f 259/259/259 301/301/301 260/260/260
f 259/259/259 300/300/300 301/301/301
f 260/260/260 302/302/302 261/261/261
f 260/260/260 301/301/301 302/302/302
f 261/261/261 303/303/303 262/262/262
f 261/261/261 302/302/302 303/303/303
f 262/262/262 304/304/304 263/263/263
f 262/262/262 303/303/303 304/304/304
f 263/263/263 305/305/305 264/264/264
f 263/263/263 304/304/304 305/305/305
f 264/264/264 306/306/306 265/265/265
f 264/264/264 305/305/305 306/306/306
f 265/265/265 307/307/307 266/266/266
f 265/265/265 306/306/306 307/307/307
f 266/266/266 308/308/308 267/267/267
f 266/266/266 307/307/307 308/308/308
f 267/267/267 309/309/309 268/268/268
f 267/267/267 308/308/308 309/309/309
f 268/268/268 310/310/310 269/269/269
f 268/268/268 309/309/309 310/310/310
f 269/269/269 311/311/311 270/270/270
f 269/269/269 310/310/310 311/311/311
f 270/270/270 312/312/312 271/271/271
f 270/270/270 311/311/311 312/312/312
f 271/271/271 313/313/313 272/272/272
f 271/271/271 312/312/312 313/313/313
f 272/272/272 314/314/314 273/273/273
f 272/272/272 313/313/313 314/314/314
f 273/273/273 315/315/315 274/274/274
f 273/273/273 314/314/314 315/315/315
f 274/274/274 316/316/316 275/275/275
f 274/274/274 315/315/315 316/316/316
f 275/275/275 317/317/317 276/276/276
f 275/275/275 316/316/316 317/317/317
f 276/276/276 318/318/318 277/277/277
f 276/276/276 317/317/317 318/318/318
f 277/277/277 319/319/319 278/278/278
f 277/277/277 318/318/318 319/319/319
f 278/278/278 320/320/320 279/279/279
f 278/278/278 319/319/319 320/320/320
f 279/279/279 321/321/321 280/280/280
f 279/279/279 320/320/320 321/321/321
f 280/280/280 322/322/322 281/281/281
f 280/280/280 321/321/321 322/322/322
f 281/281/281 323/323/323 282/282/282
f 281/281/281 322/322/322 323/323/323
f 282/282/282 324/324/324 283/283/283
f 282/282/282 323/323/323 324/324/324
f 283/283/283 325/325/325 284/284/284
f 283/283/283 324/324/324 325/325/325
f 284/284/284 326/326/326 285/285/285
f 284/284/284 325/325/325 326/326/326
f 285/285/285 327/327/327 286/286/286
f 285/285/285 326/326/326 327/327/327
f 286/286/286 328/328/328 287/287/287
f 286/286/286 327/327/327 328/328/328
f 288/288/288 330/330/330 289/289/289
f 288/288/288 329/329/329 330/330/330
f 289/289/289 331/331/331 290/290/290
f 289/289/289 330/330/330 331/331/331
f 290/290/290 332/332/332 291/291/291
f 290/290/290 331/331/331 332/332/332
f 291/291/291 333/333/333 292/292/292
f 291/291/291 332/332/332 333/333/333
f 292/292/292 334/334/334 293/293/293
f 292/292/292 333/333/333 334/334/334
f 293/293/293 335/335/335 294/294/294
f 293/293/293 334/334/334 335/335/335
f 294/294/294 336/336/336 295/295/295
f 294/294/294 335/335/335 336/336/336
f 295/295/295 337/337/337 296/296/296
f 295/295/295 336/336/336 337/337/337
f 296/296/296 338/338/338 297/297/297
f 296/296/296 337/337/337 338/338/338
f 297/297/297 339/339/339 298/298/298
f 297/297/297 338/338/338 339/339/339
f 298/298/298 340/340/340 299/299/299
f 298/298/298 339/339/339 340/340/340
f 299/299/299 341/341/341 300/300/300
f 299/299/299 340/340/340 341/341/341
f 300/300/300 342/342/342 301/301/301
f 300/300/300 341/341/341 342/342/342
f 301/301/301 343/343/343 302/302/302
f 301/301/301 342/342/342 343/343/343
f 302/302/302 344/344/344 303/303/303
f 302/302/302 343/343/343 344/344/344
f 303/303/303 345/345/345 304/304/304
f 303/303/303 344/344/344 345/345/345
f 304/304/304 346/346/346 305/305/305
f 304/304/304 345/345/345 346/346/346
f 305/305/305 347/347/347 306/306/306
f 305/305/305 346/346/346 347/347/347
f 306/306/306 348/348/348 307/307/307
f 306/306/306 347/347/347 348/348/348
f 307/307/307 349/349/349 308/308/308
f 307/307/307 348/348/348 349/349/349
f 308/308/308 350/350/350 309/309/309
f 308/308/308 349/349/349 350/350/350
f 309/309/309 351/351/351 310/310/310
f 309/309/309 350/350/350 351/351/351
f 310/310/310 352/352/352 311/311/311
f 310/310/310 351/351/351 352/352/352
f 311/311/311 353/353/353 312/312/312
f 311/311/311 352/352/352 353/353/353
f 312/312/312 354/354/354 313/313/313
f 312/312/312 353/353/353 354/354/354
f 313/313/313 355/355/355 314/314/314
f 313/313/313 354/354/354 355/355/355
f 314/314/314 356/356/356 315/315/315
f 314/314/314 355/355/355 356/356/356
f 315/315/315 357/357/357 316/316/316
f 315/315/315 356/356/356 357/357/357
f 316/316/316 358/358/358 317/317/317
f 316/316/316 357/357/357 358/358/358
f 317/317/317 359/359/359 318/318/318
f 317/317/317 358/358/358 359/359/359
f 318/318/318 360/360/360 319/319/319
f 318/318/318 359/359/359 360/360/360
f 319/319/319 361/361/361 320/320/320
f 319/319/319 360/360/360 361/361/361
f 320/320/320 362/362/362 321/321/321
f 320/320/320 361/361/361 362/362/362
f 321/321/321 363/363/363 322/322/322
f 321/321/321 362/362/362 363/363/363
f 322/322/322 364/364/364 323/323/323
f 322/322/322 363/363/363 364/364/364
f 323/323/323 365/365/365 324/324/324
f 323/323/323 364/364/364 365/365/365
f 324/324/324 366/366/366 325/325/325
f 324/324/324 365/365/365 366/366/366
f 325/325/325 367/367/367 326/326/326
f 325/325/325 366/366/366 367/367/367
f 326/326/326 368/368/368 327/327/327
f 326/326/326 367/367/367 368/368/368
f 327/327/327 369/369/369 328/328/328
f 327/327/327 368/368/368 369/369/369
f 329/329/329 371/371/371 330/330/330
f 329/329/329 370/370/370 371/371/371
f 330/330/330 372/372/372 331/331/331
f 330/330/330 371/371/371 372/372/372
f 331/331/331 373/373/373 332/332/332
f 331/331/331 372/372/372 373/373/373
f 332/332/332 374/374/374 333/333/333
f 332/332/332 373/373/373 374/374/374
f 333/333/333 375/375/375 334/334/334
f 333/333/333 374/374/374 375/375/375
f 334/334/334 376/376/376 335/335/335
f 334/334/334 375/375/375 376/376/376
f 335/335/335 377/377/377 336/336/336
f 335/335/335 376/376/376 377/377/377
f 336/336/336 378/378/378 337/337/337
f 336/336/336 377/377/377 378/378/378
f 337/337/337 379/379/379 338/338/338
f 337/337/337 378/378/378 379/379/379
f 338/338/338 380/380/380 339/339/339
f 338/338/338 379/379/379 380/380/380
f 339/339/339 381/381/381 340/340/340
f 339/339/339 380/380/380 381/381/381
f 340/340/340 382/382/382 341/341/341
f 340/340/340 381/381/381 382/382/382
f 341/341/341 383/383/383 342/342/342
f 341/341/341 382/382/382 383/383/383
f 342/342/342 384/384/384 343/343/343
f 342/342/342 383/383/383 384/384/384
f 343/343/343 385/385/385 344/344/344
f 343/343/343 384/384/384 385/385/385
f 344/344/344 386/386/386 345/345/345
f 344/344/344 385/385/385 386/386/386
f 345/345/345 387/387/387 346/346/346
f 345/345/345 386/386/386 387/387/387
f 346/346/346 388/388/388 347/347/347
f 346/346/346 387/387/387 388/388/388
f 347/347/347 389/389/389 348/348/348
f 347/347/347 388/388/388 389/389/389
f 348/348/348 390/390/390 349/349/349
f 348/348/348 389/389/389 390/390/390
f 349/349/349 391/391/391 350/350/350
f 349/349/349 390/390/390 391/391/391
f 350/350/350 392/392/392 351/351/351
f 350/350/350 391/391/391 392/392/392
f 351/351/351 393/393/393 352/352/352
f 351/351/351 392/392/392 393/393/393
f 352/352/352 394/394/394 353/353/353
f 352/352/352 393/393/393 394/394/394
f 353/353/353 395/395/395 354/354/354
f 353/353/353 394/394/394 395/395/395
f 354/354/354 396/396/396 355/355/355
f 354/354/354 395/395/395 396/396/396
f 355/355/355 397/397/397 356/356/356
f 355/355/355 396/396/396 397/397/397
f 356/356/356 398/398/398 357/357/357
f 356/356/356 397/397/397 398/398/398
f 357/357/357 399/399/399 358/358/358
f 357/357/357 398/398/398 399/399/399
f 358/358/358 400/400/400 359/359/359
f 358/358/358 399/399/399 400/400/400
f 359/359/359 401/401/401 360/360/360
f 359/359/359 400/400/400 401/401/401
f 360/360/360 402/402/402 361/361/361
f 360/360/360 401/401/401 402/402/402
f 361/361/361 403/403/403 362/362/362
f 361/361/361 402/402/402 403/403/403
f 362/362/362 404/404/404 363/363/363
f 362/362/362 403/403/403 404/404/404
f 363/363/363 405/405/405 364/364/364
f 363/363/363 404/404/404 405/405/405
f 364/364/364 406/406/406 365/365/365
f 364/364/364 405/405/405 406/406/406
f 365/365/365 407/407/407 366/366/366
f 365/365/365 406/406/406 407/407/407
f 366/366/366 408/408/408 367/367/367
f 366/366/366 407/407/407 408/408/408
f 367/367/367 409/409/409 368/368/368
f 367/367/367 408/408/408 409/409/409
f 368/368/368 410/410/410 369/369/369
f 368/368/368 409/409/409 410/410/410
f 370/370/370 412/412/412 371/371/371
f 370/370/370 411/411/411 412/412/412
f 371/371/371 413/413/413 372/372/372
f 371/371/371 412/412/412 413/413/413
f 372/372/372 414/414/414 373/373/373
f 372/372/372 413/413/413 414/414/414
f 373/373/373 415/415/415 374/374/374
f 373/373/373 414/414/414 415/415/415
f 374/374/374 416/416/416 375/375/375
f 374/374/374 415/415/415 416/416/416
f 375/375/375 417/417/417 376/376/376
f 375/375/375 416/416/416 417/417/417
f 376/376/376 418/418/418 377/377/377
f 376/376/376 417/417/417 418/418/418
f 377/377/377 419/419/419 378/378/378
f 377/377/377 418/418/418 419/419/419
f 378/378/378 420/420/420 379/379/379
f 378/378/378 419/419/419 420/420/420
f 379/379/379 421/421/421 380/380/380
f 379/379/379 420/420/420 421/421/421
f 380/380/380 422/422/422 381/381/381
f 380/380/380 421/421/421 422/422/422
f 381/381/381 423/423/423 382/382/382
f 381/381/381 422/422/422 423/423/423
f 382/382/382 424/424/424 383/383/383
f 382/382/382 423/423/423 424/424/424
f 383/383/383 425/425/425 384/384/384
f 383/383/383 424/424/424 425/425/425
f 384/384/384 426/426/426 385/385/385
f 384/384/384 425/425/425 426/426/426
f 385/385/385 427/427/427 386/386/386
f 385/385/385 426/426/426 427/427/427
f 386/386/386 428/428/428 387/387/387
f 386/386/386 427/427/427 428/428/428
f 387/387/387 429/429/429 388/388/388
f 387/387/387 428/428/428 429/429/429
f 388/388/388 430/430/430 389/389/389
f 388/388/388 429/429/429 430/430/430
f 389/389/389 431/431/431 390/390/390
f 389/389/389 430/430/430 431/431/431
f 390/390/390 432/432/432 391/391/391
f 390/390/390 431/431/431 432/432/432
f 391/391/391 433/433/433 392/392/392
f 391/391/391 432/432/432 433/433/433
f 392/392/392 434/434/434 393/393/393
f 392/392/392 433/433/433 434/434/434
f 393/393/393 435/435/435 394/394/394
f 393/393/393 434/434/434 435/435/435
f 394/394/394 436/436/436 395/395/395
f 394/394/394 435/435/435 436/436/436
f 395/395/395 437/437/437 396/396/396
f 395/395/395 436/436/436 437/437/437
f 396/396/396 438/438/438 397/397/397
f 396/396/396 437/437/437 438/438/438
f 397/397/397 439/439/439 398/398/398
f 397/397/397 438/438/438 439/439/439
f 398/398/398 440/440/440 399/399/399
f 398/398/398 439/439/439 440/440/440
f 399/399/399 441/441/441 400/400/400
f 399/399/399 440/440/440 441/441/441
f 400/400/400 442/442/442 401/401/401
f 400/400/400 441/441/441 442/442/442
f 401/401/401 443/443/443 402/402/402
f 401/401/401 442/442/442 443/443/443
f 402/402/402 444/444/444 403/403/403
f 402/402/402 443/443/443 444/444/444
f 403/403/403 445/445/445 404/404/404
f 403/403/403 444/444/444 445/445/445
f 404/404/404 446/446/446 405/405/405
f 404/404/404 445/445/445 446/446/446
f 405/405/405 447/447/447 406/406/406
f 405/405/405 446/446/446 447/447/447
f 406/406/406 448/448/448 407/407/407
f 406/406/406 447/447/447 448/448/448
f 407/407/407 449/449/449 408/408/408
f 407/407/407 448/448/448 449/449/449
f 408/408/408 450/450/450 409/409/409
f 408/408/408 449/449/449 450/450/450
f 409/409/409 451/451/451 410/410/410
f 409/409/409 450/450/450 451/451/451
f 411/411/411 453/453/453 412/412/412
f 411/411/411 452/452/452 453/453/453
f 412/412/412 454/454/454 413/413/413
f 412/412/412 453/453/453 454/454/454
f 413/413/413 455/455/455 414/414/414
f 413/413/413 454/454/454 455/455/455
f 414/414/414 456/456/456 415/415/415
f 414/414/414 455/455/455 456/456/456
f 415/415/415 457/457/457 416/416/416
f 415/415/415 456/456/456 457/457/457
f 416/416/416 458/458/458 417/417/417
f 416/416/416 457/457/457 458/458/458
f 417/417/417 459/459/459 418/418/418
f 417/417/417 458/458/458 459/459/459
f 418/418/418 460/460/460 419/419/419
f 418/418/418 459/459/459 460/460/460
f 419/419/419 461/461/461 420/420/420
f 419/419/419 460/460/460 461/461/461
f 420/420/420 462/462/462 421/421/421
f 420/420/420 461/461/461 462/462/462
f 421/421/421 463/463/463 422/422/422
f 421/421/421 462/462/462 463/463/463
f 422/422/422 464/464/464 423/423/423
f 422/422/422 463/463/463 464/464/464
f 423/423/423 465/465/465 424/424/424
f 423/423/423 464/464/464 465/465/465
f 424/424/424 466/466/466 425/425/425
f 424/424/424 465/465/465 466/466/466
f 425/425/425 467/467/467 426/426/426
f 425/425/425 466/466/466 467/467/467
f 426/426/426 468/468/468 427/427/427
f 426/426/426 467/467/467 468/468/468
f 427/427/427 469/469/469 428/428/428
f 427/427/427 468/468/468 469/469/469
f 428/428/428 470/470/470 429/429/429
f 428/428/428 469/469/469 470/470/470
f 429/429/429 471/471/471 430/430/430
f 429/429/429 470/470/470 471/471/471
f 430/430/430 472/472/472 431/431/431
f 430/430/430 471/471/471 472/472/472
f 431/431/431 473/473/473 432/432/432
f 431/431/431 472/472/472 473/473/473
f 432/432/432 474/474/474 433/433/433
f 432/432/432 473/473/473 474/474/474
f 433/433/433 475/475/475 434/434/434
f 433/433/433 474/474/474 475/475/475
f 434/434/434 476/476/476 435/435/435
f 434/434/434 475/475/475 476/476/476
f 435/435/435 477/477/477 436/436/436
f 435/435/435 476/476/476 477/477/477
f 436/436/436 478/478/478 437/437/437
f 436/436/436 477/477/477 478/478/478
f 437/437/437 479/479/479 438/438/438
f 437/437/437 478/478/478 479/479/479
f 438/438/438 480/480/480 439/439/439
f 438/438/438 479/479/479 480/480/480
f 439/439/439 481/481/481 440/440/440
f 439/439/439 480/480/480 481/481/481
f 440/440/440 482/482/482 441/441/441
f 440/440/440 481/481/481 482/482/482
f 441/441/441 483/483/483 442/442/442
f 441/441/441 482/482/482 483/483/483
f 442/442/442 484/484/484 443/443/443
f 442/442/442 483/483/483 484/484/484
f 443/443/443 485/485/485 444/444/444
f 443/443/443 484/484/484 485/485/485
f 444/444/444 486/486/486 445/445/445
f 444/444/444 485/485/485 486/486/486
f 445/445/445 487/487/487 446/446/446
f 445/445/445 486/486/486 487/487/487
f 446/446/446 488/488/488 447/447/447
f 446/446/446 487/487/487 488/488/488
f 447/447/447 489/489/489 448/448/448
f 447/447/447 488/488/488 489/489/489
f 448/448/448 490/490/490 449/449/449
f 448/448/448 489/489/489 490/490/490
f 449/449/449 491/491/491 450/450/450
f 449/449/449 490/490/490 491/491/491
f 450/450/450 492/492/492 451/451/451
f 450/450/450 491/491/491 492/492/492
f 452/452/452 494/494/494 453/453/453
f 452/452/452 493/493/493 494/494/494
f 453/453/453 495/495/495 454/454/454
f 453/453/453 494/494/494 495/495/495
f 454/454/454 496/496/496 455/455/455
f 454/454/454 495/495/495 496/496/496
f 455/455/455 497/497/497 456/456/456
f 455/455/455 496/496/496 497/497/497
f 456/456/456 498/498/498 457/457/457
f 456/456/456 497/497/497 498/498/498
f 457/457/457 499/499/499 458/458/458
f 457/457/457 498/498/498 499/499/499
f 458/458/458 500/500/500 459/459/459
f 458/458/458 499/499/499 500/500/500
f 459/459/459 501/501/501 460/460/460
f 459/459/459 500/500/500 501/501/501
f 460/460/460 502/502/502 461/461/461
f 460/460/460 501/501/501 502/502/502
f 461/461/461 503/503/503 462/462/462
f 461/461/461 502/502/502 503/503/503
f 462/462/462 504/504/504 463/463/463
f 462/462/462 503/503/503 504/504/504
f 463/463/463 505/505/505 464/464/464
f 463/463/463 504/504/504 505/505/505
f 464/464/464 506/506/506 465/465/465
f 464/464/464 505/505/505 506/506/506
f 465/465/465 507/507/507 466/466/466
f 465/465/465 506/506/506 507/507/507
f 466/466/466 508/508/508 467/467/467
f 466/466/466 507/507/507 508/508/508
f 467/467/467 509/509/509 468/468/468
f 467/467/467 508/508/508 509/509/509
f 468/468/468 510/510/510 469/469/469
f 468/468/468 509/509/509 510/510/510
f 469/469/469 511/511/511 470/470/470
f 469/469/469 510/510/510 511/511/511
f 470/470/470 512/512/512 471/471/471
f 470/470/470 511/511/511 512/512/512
f 471/471/471 513/513/513 472/472/472
f 471/471/471 512/512/512 513/513/513
f 472/472/472 514/514/514 473/473/473
f 472/472/472 513/513/513 514/514/514
f 473/473/473 515/515/515 474/474/474
f 473/473/473 514/514/514 515/515/515
f 474/474/474 516/516/516 475/475/475
f 474/474/474 515/515/515 516/516/516
f 475/475/475 517/517/517 476/476/476
f 475/475/475 516/516/516 517/517/517
f 476/476/476 518/518/518 477/477/477
f 476/476/476 517/517/517 518/518/518
f 477/477/477 519/519/519 478/478/478
f 477/477/477 518/518/518 519/519/519
f 478/478/478 520/520/520 479/479/479
f 478/478/478 519/519/519 520/520/520
f 479/479/479 521/521/521 480/480/480
f 479/479/479 520/520/520 521/521/521
f 480/480/480 522/522/522 481/481/481
f 480/480/480 521/521/521 522/522/522
f 481/481/481 523/523/523 482/482/482
f 481/481/481 522/522/522 523/523/523
f 482/482/482 524/524/524 483/483/483
f 482/482/482 523/523/523 524/524/524
f 483/483/483 525/525/525 484/484/484
f 483/483/483 524/524/524 525/525/525
f 484/484/484 526/526/526 485/485/485
f 484/484/484 525/525/525 526/526/526
f 485/485/485 527/527/527 486/486/486
f 485/485/485 526/526/526 527/527/527
f 486/486/486 528/528/528 487/487/487
f 486/486/486 527/527/527 528/528/528
f 487/487/487 529/529/529 488/488/488
f 487/487/487 528/528/528 529/529/529
f 488/488/488 530/530/530 489/489/489
f 488/488/488 529/529/529 530/530/530
f 489/489/489 531/531/531 490/490/490
f 489/489/489 530/530/530 531/531/531
f 490/490/490 532/532/532 491/491/491
f 490/490/490 531/531/531 532/532/532
f 491/491/491 533/533/533 492/492/492
f 491/491/491 532/532/532 533/533/533
f 493/493/493 535/535/535 494/494/494
f 493/493/493 534/534/534 535/535/535
f 494/494/494 536/536/536 495/495/495
f 494/494/494 535/535/535 536/536/536
f 495/495/495 537/537/537 496/496/496
f 495/495/495 536/536/536 537/537/537
f 496/496/496 538/538/538 497/497/497
f 496/496/496 537/537/537 538/538/538
f 497/497/497 539/539/539 498/498/498
f 497/497/497 538/538/538 539/539/539
f 498/498/498 540/540/540 499/499/499
f 498/498/498 539/539/539 540/540/540
f 499/499/499 541/541/541 500/500/500
f 499/499/499 540/540/540 541/541/541
f 500/500/500 542/542/542 501/501/501
f 500/500/500 541/541/541 542/542/542
f 501/501/501 543/543/543 502/502/502
f 501/501/501 542/542/542 543/543/543
f 502/502/502 544/544/544 503/503/503
f 502/502/502 543/543/543 544/544/544
f 503/503/503 545/545/545 504/504/504
f 503/503/503 544/544/544 545/545/545
f 504/504/504 546/546/546 505/505/505
f 504/504/504 545/545/545 546/546/546
f 505/505/505 547/547/547 506/506/506
f 505/505/505 546/546/546 547/547/547
f 506/506/506 548/548/548 507/507/507
f 506/506/506 547/547/547 548/548/548
f 507/507/507 549/549/549 508/508/508
f 507/507/507 548/548/548 549/549/549
f 508/508/508 550/550/550 509/509/509
f 508/508/508 549/549/549 550/550/550
f 509/509/509 551/551/551 510/510/510
f 509/509/509 550/550/550 551/551/551
f 510/510/510 552/552/552 511/511/511
f 510/510/510 551/551/551 552/552/552
f 511/511/511 553/553/553 512/512/512
f 511/511/511 552/552/552 553/553/553
f 512/512/512 554/554/554 513/513/513
f 512/512/512 553/553/553 554/554/554
f 513/513/513 555/555/555 514/514/514
f 513/513/513 554/554/554 555/555/555
f 514/514/514 556/556/556 515/515/515
f 514/514/514 555/555/555 556/556/556
f 515/515/515 557/557/557 516/516/516
f 515/515/515 556/556/556 557/557/557
f 516/516/516 558/558/558 517/517/517
f 516/516/516 557/557/557 558/558/558
f 517/517/517 559/559/559 518/518/518
f 517/517/517 558/558/558 559/559/559
f 518/518/518 560/560/560 519/519/519
f 518/518/518 559/559/559 560/560/560
f 519/519/519 561/561/561 520/520/520
f 519/519/519 560/560/560 561/561/561
f 520/520/520 562/562/562 521/521/521
f 520/520/520 561/561/561 562/562/562
f 521/521/521 563/563/563 522/522/522
f 521/521/521 562/562/562 563/563/563
f 522/522/522 564/564/564 523/523/523
f 522/522/522 563/563/563 564/564/564
f 523/523/523 565/565/565 524/524/524
f 523/523/523 564/564/564 565/565/565
f 524/524/524 566/566/566 525/525/525
f 524/524/524 565/565/565 566/566/566
f 525/525/525 567/567/567 526/526/526
f 525/525/525 566/566/566 567/567/567
f 526/526/526 568/568/568 527/527/527
f 526/526/526 567/567/567 568/568/568
f 527/527/527 569/569/569 528/528/528
f 527/527/527 568/568/568 569/569/569
f 528/528/528 570/570/570 529/529/529
f 528/528/528 569/569/569 570/570/570
f 529/529/529 571/571/571 530/530/530
f 529/529/529 570/570/570 571/571/571
f 530/530/530 572/572/572 531/531/531
f 530/530/530 571/571/571 572/572/572
f 531/531/531 573/573/573 532/532/532
f 531/531/531 572/572/572 573/573/573
f 532/532/532 574/574/574 533/533/533
f 532/532/532 573/573/573 574/574/574
f 534/534/534 576/576/576 535/535/535
f 534/534/534 575/575/575 576/576/576
f 535/535/535 577/577/577 536/536/536
f 535/535/535 576/576/576 577/577/577
f 536/536/536 578/578/578 537/537/537
f 536/536/536 577/577/577 578/578/578
f 537/537/537 579/579/579 538/538/538
f 537/537/537 578/578/578 579/579/579
f 538/538/538 580/580/580 539/539/539
f 538/538/538 579/579/579 580/580/580
f 539/539/539 581/581/581 540/540/540
f 539/539/539 580/580/580 581/581/581
f 540/540/540 582/582/582 541/541/541
f 540/540/540 581/581/581 582/582/582
f 541/541/541 583/583/583 542/542/542
f 541/541/541 582/582/582 583/583/583
f 542/542/542 584/584/584 543/543/543
f 542/542/542 583/583/583 584/584/584
f 543/543/543 585/585/585 544/544/544
f 543/543/543 584/584/584 585/585/585
f 544/544/544 586/586/586 545/545/545
f 544/544/544 585/585/585 586/586/586
f 545/545/545 587/587/587 546/546/546
f 545/545/545 586/586/586 587/587/587
f 546/546/546 588/588/588 547/547/547
f 546/546/546 587/587/587 588/588/588
f 547/547/547 589/589/589 548/548/548
f 547/547/547 588/588/588 589/589/589
f 548/548/548 590/590/590 549/549/549
f 548/548/548 589/589/589 590/590/590
f 549/549/549 591/591/591 550/550/550
f 549/549/549 590/590/590 591/591/591
f 550/550/550 592/592/592 551/551/551
f 550/550/550 591/591/591 592/592/592
f 551/551/551 593/593/593 552/552/552
f 551/551/551 592/592/592 593/593/593
f 552/552/552 594/594/594 553/553/553
f 552/552/552 593/593/593 594/594/594
f 553/553/553 595/595/595 554/554/554
f 553/553/553 594/594/594 595/595/595
f 554/554/554 596/596/596 555/555/555
f 554/554/554 595/595/595 596/596/596
f 555/555/555 597/597/597 556/556/556
f 555/555/555 596/596/596 597/597/597
f 556/556/556 598/598/598 557/557/557
f 556/556/556 597/597/597 598/598/598
f 557/557/557 599/599/599 558/558/558
f 557/557/557 598/598/598 599/599/599
f 558/558/558 600/600/600 559/559/559
f 558/558/558 599/599/599 600/600/600
f 559/559/559 601/601/601 560/560/560
f 559/559/559 600/600/600 601/601/601
f 560/560/560 602/602/602 561/561/561
f 560/560/560 601/601/601 602/602/602
f 561/561/561 603/603/603 562/562/562
f 561/561/561 602/602/602 603/603/603
f 562/562/562 604/604/604 563/563/563
f 562/562/562 603/603/603 604/604/604
f 563/563/563 605/605/605 564/564/564
f 563/563/563 604/604/604 605/605/605
f 564/564/564 606/606/606 565/565/565
f 564/564/564 605/605/605 606/606/606
f 565/565/565 607/607/607 566/566/566
f 565/565/565 606/606/606 607/607/607
f 566/566/566 608/608/608 567/567/567
f 566/566/566 607/607/607 608/608/608
f 567/567/567 609/609/609 568/568/568
f 567/567/567 608/608/608 609/609/609
f 568/568/568 610/610/610 569/569/569
f 568/568/568 609/609/609 610/610/610
f 569/569/569 611/611/611 570/570/570
f 569/569/569 610/610/610 611/611/611
f 570/570/570 612/612/612 571/571/571
f 570/570/570 611/611/611 612/612/612
f 571/571/571 613/613/613 572/572/572
f 571/571/571 612/612/612 613/613/613
f 572/572/572 614/614/614 573/573/573
f 572/572/572 613/613/613 614/614/614
f 573/573/573 615/615/615 574/574/574
f 573/573/573 614/614/614 615/615/615
f 575/575/575 617/617/617 576/576/576
f 575/575/575 616/616/616 617/617/617
f 576/576/576 618/618/618 577/577/577
f 576/576/576 617/617/617 618/618/618
f 577/577/577 619/619/619 578/578/578
f 577/577/577 618/618/618 619/619/619
f 578/578/578 620/620/620 579/579/579
f 578/578/578 619/619/619 620/620/620
f 579/579/579 621/621/621 580/580/580
f 579/579/579 620/620/620 621/621/621
f 580/580/580 622/622/622 581/581/581
f 580/580/580 621/621/621 622/622/622
f 581/581/581 623/623/623 582/582/582
f 581/581/581 622/622/622 623/623/623
f 582/582/582 624/624/624 583/583/583
f 582/582/582 623/623/623 624/624/624
f 583/583/583 625/625/625 584/584/584
f 583/583/583 624/624/624 625/625/625
f 584/584/584 626/626/626 585/585/585
f 584/584/584 625/625/625 626/626/626
f 585/585/585 627/627/627 586/586/586
f 585/585/585 626/626/626 627/627/627
f 586/586/586 628/628/628 587/587/587
f 586/586/586 627/627/627 628/628/628
f 587/587/587 629/629/629 588/588/588
f 587/587/587 628/628/628 629/629/629
f 588/588/588 630/630/630 589/589/589
f 588/588/588 629/629/629 630/630/630
f 589/589/589 631/631/631 590/590/590
f 589/589/589 630/630/630 631/631/631
f 590/590/590 632/632/632 591/591/591
f 590/590/590 631/631/631 632/632/632
f 591/591/591 633/633/633 592/592/592
f 591/591/591 632/632/632 633/633/633
f 592/592/592 634/634/634 593/593/593
f 592/592/592 633/633/633 634/634/634
f 593/593/593 635/635/635 594/594/594
f 593/593/593 634/634/634 635/635/635
f 594/594/594 636/636/636 595/595/595
f 594/594/594 635/635/635 636/636/636
f 595/595/595 637/637/637 596/596/596
f 595/595/595 636/636/636 637/637/637
f 596/596/596 638/638/638 597/597/597
f 596/596/596 637/637/637 638/638/638
f 597/597/597 639/639/639 598/598/598
f 597/597/597 638/638/638 639/639/639
f 598/598/598 640/640/640 599/599/599
f 598/598/598 639/639/639 640/640/640
f 599/599/599 641/641/641 600/600/600
f 599/599/599 640/640/640 641/641/641
f 600/600/600 642/642/642 601/601/601
f 600/600/600 641/641/641 642/642/642
f 601/601/601 643/643/643 602/602/602
f 601/601/601 642/642/642 643/643/643
f 602/602/602 644/644/644 603/603/603
f 602/602/602 643/643/643 644/644/644
f 603/603/603 645/645/645 604/604/604
f 603/603/603 644/644/644 645/645/645
f 604/604/604 646/646/646 605/605/605
f 604/604/604 645/645/645 646/646/646
f 605/605/605 647/647/647 606/606/606
f 605/605/605 646/646/646 647/647/647
f 606/606/606 648/648/648 607/607/607
f 606/606/606 647/647/647 648/648/648
f 607/607/607 649/649/649 608/608/608
f 607/607/607 648/648/648 649/649/649
f 608/608/608 650/650/650 609/609/609
f 608/608/608 649/649/649 650/650/650
f 609/609/609 651/651/651 610/610/610
f 609/609/609 650/650/650 651/651/651
f 610/610/610 652/652/652 611/611/611
f 610/610/610 651/651/651 652/652/652
f 611/611/611 653/653/653 612/612/612
f 611/611/611 652/652/652 653/653/653
f 612/612/612 654/654/654 613/613/613
f 612/612/612 653/653/653 654/654/654
f 613/613/613 655/655/655 614/614/614
f 613/613/613 654/654/654 655/655/655
f 614/614/614 656/656/656 615/615/615
f 614/614/614 655/655/655 656/656/656
f 616/616/616 658/658/658 617/617/617
f 616/616/616 657/657/657 658/658/658
f 617/617/617 659/659/659 618/618/618
f 617/617/617 658/658/658 659/659/659
f 618/618/618 660/660/660 619/619/619
f 618/618/618 659/659/659 660/660/660
f 619/619/619 661/661/661 620/620/620
f 619/619/619 660/660/660 661/661/661
f 620/620/620 662/662/662 621/621/621
f 620/620/620 661/661/661 662/662/662
f 621/621/621 663/663/663 622/622/622
f 621/621/621 662/662/662 663/663/663
f 622/622/622 664/664/664 623/623/623
f 622/622/622 663/663/663 664/664/664
f 623/623/623 665/665/665 624/624/624
f 623/623/623 664/664/664 665/665/665
f 624/624/624 666/666/666 625/625/625
f 624/624/624 665/665/665 666/666/666
f 625/625/625 667/667/667 626/626/626
f 625/625/625 666/666/666 667/667/667
f 626/626/626 668/668/668 627/627/627
f 626/626/626 667/667/667 668/668/668
f 627/627/627 669/669/669 628/628/628
f 627/627/627 668/668/668 669/669/669
f 628/628/628 670/670/670 629/629/629
f 628/628/628 669/669/669 670/670/670
f 629/629/629 671/671/671 630/630/630
f 629/629/629 670/670/670 671/671/671
f 630/630/630 672/672/672 631/631/631
f 630/630/630 671/671/671 672/672/672
f 631/631/631 673/673/673 632/632/632
f 631/631/631 672/672/672 673/673/673
f 632/632/632 674/674/674 633/633/633
f 632/632/632 673/673/673 674/674/674
f 633/633/633 675/675/675 634/634/634
f 633/633/633 674/674/674 675/675/675
f 634/634/634 676/676/676 635/635/635
f 634/634/634 675/675/675 676/676/676
f 635/635/635 677/677/677 636/636/636
f 635/635/635 676/676/676 677/677/677
f 636/636/636 678/678/678 637/637/637
f 636/636/636 677/677/677 678/678/678
f 637/637/637 679/679/679 638/638/638
f 637/637/637 678/678/678 679/679/679
f 638/638/638 680/680/680 639/639/639
f 638/638/638 679/679/679 680/680/680
f 639/639/639 681/681/681 640/640/640
f 639/639/639 680/680/680 681/681/681
f 640/640/640 682/682/682 641/641/641
f 640/640/640 681/681/681 682/682/682
f 641/641/641 683/683/683 642/642/642
f 641/641/641 682/682/682 683/683/683
f 642/642/642 684/684/684 643/643/643
f 642/642/642 683/683/683 684/684/684
f 643/643/643 685/685/685 644/644/644
f 643/643/643 684/684/684 685/685/685
f 644/644/644 686/686/686 645/645/645
f 644/644/644 685/685/685 686/686/686
f 645/645/645 687/687/687 646/646/646
f 645/645/645 686/686/686 687/687/687
f 646/646/646 688/688/688 647/647/647
f 646/646/646 687/687/687 688/688/688
f 647/647/647 689/689/689 648/648/648
f 647/647/647 688/688/688 689/689/689
f 648/648/648 690/690/690 649/649/649
f 648/648/648 689/689/689 690/690/690
f 649/649/649 691/691/691 650/650/650
f 649/649/649 690/690/690 691/691/691
f 650/650/650 692/692/692 651/651/651
f 650/650/650 691/691/691 692/692/692
f 651/651/651 693/693/693 652/652/652
f 651/651/651 692/692/692 693/693/693
f 652/652/652 694/694/694 653/653/653
f 652/652/652 693/693/693 694/694/694
f 653/653/653 695/695/695 654/654/654
f 653/653/653 694/694/694 695/695/695
f 654/654/654 696/696/696 655/655/655
f 654/654/654 695/695/695 696/696/696
f 655/655/655 697/697/697 656/656/656
f 655/655/655 696/696/696 697/697/697
f 657/657/657 699/699/699 658/658/658
f 657/657/657 698/698/698 699/699/699
f 658/658/658 700/700/700 659/659/659
f 658/658/658 699/699/699 700/700/700
f 659/659/659 701/701/701 660/660/660
f 659/659/659 700/700/700 701/701/701
f 660/660/660 702/702/702 661/661/661
f 660/660/660 701/701/701 702/702/702
f 661/661/661 703/703/703 662/662/662
f 661/661/661 702/702/702 703/703/703
f 662/662/662 704/704/704 663/663/663
f 662/662/662 703/703/703 704/704/704
f 663/663/663 705/705/705 664/664/664
f 663/663/663 704/704/704 705/705/705
f 664/664/664 706/706/706 665/665/665
f 664/664/664 705/705/705 706/706/706
f 665/665/665 707/707/707 666/666/666
f 665/665/665 706/706/706 707/707/707
f 666/666/666 708/708/708 667/667/667
f 666/666/666 707/707/707 708/708/708
f 667/667/667 709/709/709 668/668/668
f 667/667/667 708/708/708 709/709/709
f 668/668/668 710/710/710 669/669/669
f 668/668/668 709/709/709 710/710/710
f 669/669/669 711/711/711 670/670/670
f 669/669/669 710/710/710 711/711/711
f 670/670/670 712/712/712 671/671/671
f 670/670/670 711/711/711 712/712/712
f 671/671/671 713/713/713 672/672/672
f 671/671/671 712/712/712 713/713/713
f 672/672/672 714/714/714 673/673/673
f 672/672/672 713/713/713 714/714/714
f 673/673/673 715/715/715 674/674/674
f 673/673/673 714/714/714 715/715/715
f 674/674/674 716/716/716 675/675/675
f 674/674/674 715/715/715 716/716/716
f 675/675/675 717/717/717 676/676/676
f 675/675/675 716/716/716 717/717/717
f 676/676/676 718/718/718 677/677/677
f 676/676/676 717/717/717 718/718/718
f 677/677/677 719/719/719 678/678/678
f 677/677/677 718/718/718 719/719/719
f 678/678/678 720/720/720 679/679/679
f 678/678/678 719/719/719 720/720/720
f 679/679/679 721/721/721 680/680/680
f 679/679/679 720/720/720 721/721/721
f 680/680/680 722/722/722 681/681/681
f 680/680/680 721/721/721 722/722/722
f 681/681/681 723/723/723 682/682/682
f 681/681/681 722/722/722 723/723/723
f 682/682/682 724/724/724 683/683/683
f 682/682/682 723/723/723 724/724/724
f 683/683/683 725/725/725 684/684/684
f 683/683/683 724/724/724 725/725/725
f 684/684/684 726/726/726 685/685/685
f 684/684/684 725/725/725 726/726/726
f 685/685/685 727/727/727 686/686/686
f 685/685/685 726/726/726 727/727/727
f 686/686/686 728/728/728 687/687/687
f 686/686/686 727/727/727 728/728/728
f 687/687/687 729/729/729 688/688/688
f 687/687/687 728/728/728 729/729/729
f 688/688/688 730/730/730 689/689/689
f 688/688/688 729/729/729 730/730/730
f 689/689/689 731/731/731 690/690/690
f 689/689/689 730/730/730 731/731/731
f 690/690/690 732/732/732 691/691/691
f 690/690/690 731/731/731 732/732/732
f 691/691/691 733/733/733 692/692/692
f 691/691/691 732/732/732 733/733/733
f 692/692/692 734/734/734 693/693/693
f 692/692/692 733/733/733 734/734/734
f 693/693/693 735/735/735 694/694/694
f 693/693/693 734/734/734 735/735/735
f 694/694/694 736/736/736 695/695/695
f 694/694/694 735/735/735 736/736/736
f 695/695/695 737/737/737 696/696/696
f 695/695/695 736/736/736 737/737/737
f 696/696/696 738/738/738 697/697/697
f 696/696/696 737/737/737 738/738/738
f 698/698/698 740/740/740 699/699/699
f 698/698/698 739/739/739 740/740/740
f 699/699/699 741/741/741 700/700/700
f 699/699/699 740/740/740 741/741/741
f 700/700/700 742/742/742 701/701/701
f 700/700/700 741/741/741 742/742/742
f 701/701/701 743/743/743 702/702/702
f 701/701/701 742/742/742 743/743/743
f 702/702/702 744/744/744 703/703/703
f 702/702/702 743/743/743 744/744/744
f 703/703/703 745/745/745 704/704/704
f 703/703/703 744/744/744 745/745/745
f 704/704/704 746/746/746 705/705/705
f 704/704/704 745/745/745 746/746/746
f 705/705/705 747/747/747 706/706/706
f 705/705/705 746/746/746 747/747/747
f 706/706/706 748/748/748 707/707/707
f 706/706/706 747/747/747 748/748/748
f 707/707/707 749/749/749 708/708/708
f 707/707/707 748/748/748 749/749/749
f 708/708/708 750/750/750 709/709/709
f 708/708/708 749/749/749 750/750/750
f 709/709/709 751/751/751 710/710/710
f 709/709/709 750/750/750 751/751/751
f 710/710/710 752/752/752 711/711/711
f 710/710/710 751/751/751 752/752/752
f 711/711/711 753/753/753 712/712/712
f 711/711/711 752/752/752 753/753/753
f 712/712/712 754/754/754 713/713/713
f 712/712/712 753/753/753 754/754/754
f 713/713/713 755/755/755 714/714/714
f 713/713/713 754/754/754 755/755/755
f 714/714/714 756/756/756 715/715/715
f 714/714/714 755/755/755 756/756/756
f 715/715/715 757/757/757 716/716/716
f 715/715/715 756/756/756 757/757/757
f 716/716/716 758/758/758 717/717/717
f 716/716/716 757/757/757 758/758/758
f 717/717/717 759/759/759 718/718/718
f 717/717/717 758/758/758 759/759/759
f 718/718/718 760/760/760 719/719/719
f 718/718/718 759/759/759 760/760/760
f 719/719/719 761/761/761 720/720/720
f 719/719/719 760/760/760 761/761/761
f 720/720/720 762/762/762 721/721/721
f 720/720/720 761/761/761 762/762/762
f 721/721/721 763/763/763 722/722/722
f 721/721/721 762/762/762 763/763/763
f 722/722/722 764/764/764 723/723/723
f 722/722/722 763/763/763 764/764/764
f 723/723/723 765/765/765 724/724/724
f 723/723/723 764/764/764 765/765/765
f 724/724/724 766/766/766 725/725/725
f 724/724/724 765/765/765 766/766/766
f 725/725/725 767/767/767 726/726/726
f 725/725/725 766/766/766 767/767/767
f 726/726/726 768/768/768 727/727/727
f 726/726/726 767/767/767 768/768/768
f 727/727/727 769/769/769 728/728/728
f 727/727/727 768/768/768 769/769/769
f 728/728/728 770/770/770 729/729/729
f 728/728/728 769/769/769 770/770/770
f 729/729/729 771/771/771 730/730/730
f 729/729/729 770/770/770 771/771/771
f 730/730/730 772/772/772 731/731/731
f 730/730/730 771/771/771 772/772/772
f 731/731/731 773/773/773 732/732/732
f 731/731/731 772/772/772 773/773/773
f 732/732/732 774/774/774 733/733/733
f 732/732/732 773/773/773 774/774/774
f 733/733/733 775/775/775 734/734/734
f 733/733/733 774/774/774 775/775/775
f 734/734/734 776/776/776 735/735/735
f 734/734/734 775/775/775 776/776/776
f 735/735/735 777/777/777 736/736/736
f 735/735/735 776/776/776 777/777/777
f 736/736/736 778/778/778 737/737/737
f 736/736/736 777/777/777 778/778/778
f 737/737/737 779/779/779 738/738/738
f 737/737/737 778/778/778 779/779/779
f 739/739/739 781/781/781 740/740/740
f 739/739/739 780/780/780 781/781/781
f 740/740/740 782/782/782 741/741/741
f 740/740/740 781/781/781 782/782/782
f 741/741/741 783/783/783 742/742/742
f 741/741/741 782/782/782 783/783/783
f 742/742/742 784/784/784 743/743/743
f 742/742/742 783/783/783 784/784/784
f 743/743/743 785/785/785 744/744/744
f 743/743/743 784/784/784 785/785/785
f 744/744/744 786/786/786 745/745/745
f 744/744/744 785/785/785 786/786/786
f 745/745/745 787/787/787 746/746/746
f 745/745/745 786/786/786 787/787/787
f 746/746/746 788/788/788 747/747/747
f 746/746/746 787/787/787 788/788/788
f 747/747/747 789/789/789 748/748/748
f 747/747/747 788/788/788 789/789/789
f 748/748/748 790/790/790 749/749/749
f 748/748/748 789/789/789 790/790/790
f 749/749/749 791/791/791 750/750/750
f 749/749/749 790/790/790 791/791/791
f 750/750/750 792/792/792 751/751/751
f 750/750/750 791/791/791 792/792/792
f 751/751/751 793/793/793 752/752/752
f 751/751/751 792/792/792 793/793/793
f 752/752/752 794/794/794 753/753/753
f 752/752/752 793/793/793 794/794/794
f 753/753/753 795/795/795 754/754/754
f 753/753/753 794/794/794 795/795/795
f 754/754/754 796/796/796 755/755/755
f 754/754/754 795/795/795 796/796/796
f 755/755/755 797/797/797 756/756/756
f 755/755/755 796/796/796 797/797/797
f 756/756/756 798/798/798 757/757/757
f 756/756/756 797/797/797 798/798/798
f 757/757/757 799/799/799 758/758/758
f 757/757/757 798/798/798 799/799/799
f 758/758/758 800/800/800 759/759/759
f 758/758/758 799/799/799 800/800/800
f 759/759/759 801/801/801 760/760/760
f 759/759/759 800/800/800 801/801/801
f 760/760/760 802/802/802 761/761/761
f 760/760/760 801/801/801 802/802/802
f 761/761/761 803/803/803 762/762/762
f 761/761/761 802/802/802 803/803/803
f 762/762/762 804/804/804 763/763/763
f 762/762/762 803/803/803 804/804/804
f 763/763/763 805/805/805 764/764/764
f 763/763/763 804/804/804 805/805/805
f 764/764/764 806/806/806 765/765/765
f 764/764/764 805/805/805 806/806/806
f 765/765/765 807/807/807 766/766/766
f 765/765/765 806/806/806 807/807/807
f 766/766/766 808/808/808 767/767/767
f 766/766/766 807/807/807 808/808/808
f 767/767/767 809/809/809 768/768/768
f 767/767/767 808/808/808 809/809/809
f 768/768/768 810/810/810 769/769/769
f 768/768/768 809/809/809 810/810/810
f 769/769/769 811/811/811 770/770/770
f 769/769/769 810/810/810 811/811/811
f 770/770/770 812/812/812 771/771/771
f 770/770/770 811/811/811 812/812/812
f 771/771/771 813/813/813 772/772/772
f 771/771/771 812/812/812 813/813/813
f 772/772/772 814/814/814 773/773/773
f 772/772/772 813/813/813 814/814/814
f 773/773/773 815/815/815 774/774/774
f 773/773/773 814/814/814 815/815/815
f 774/774/774 816/816/816 775/775/775
f 774/774/774 815/815/815 816/816/816
f 775/775/775 817/817/817 776/776/776
f 775/775/775 816/816/816 817/817/817
f 776/776/776 818/818/818 777/777/777
f 776/776/776 817/817/817 818/818/818
f 777/777/777 819/819/819 778/778/778
f 777/777/777 818/818/818 819/819/819
f 778/778/778 820/820/820 779/779/779
f 778/778/778 819/819/819 820/820/820
f 780/780/780 822/822/822 781/781/781
f 780/780/780 821/821/821 822/822/822
f 781/781/781 823/823/823 782/782/782
f 781/781/781 822/822/822 823/823/823
f 782/782/782 824/824/824 783/783/783
f 782/782/782 823/823/823 824/824/824
f 783/783/783 825/825/825 784/784/784
f 783/783/783 824/824/824 825/825/825
f 784/784/784 826/826/826 785/785/785
f 784/784/784 825/825/825 826/826/826
f 785/785/785 827/827/827 786/786/786
f 785/785/785 826/826/826 827/827/827
f 786/786/786 828/828/828 787/787/787
f 786/786/786 827/827/827 828/828/828
f 787/787/787 829/829/829 788/788/788
f 787/787/787 828/828/828 829/829/829
f 788/788/788 830/830/830 789/789/789
f 788/788/788 829/829/829 830/830/830
f 789/789/789 831/831/831 790/790/790
f 789/789/789 830/830/830 831/831/831
f 790/790/790 832/832/832 791/791/791
f 790/790/790 831/831/831 832/832/832
f 791/791/791 833/833/833 792/792/792
f 791/791/791 832/832/832 833/833/833
f 792/792/792 834/834/834 793/793/793
f 792/792/792 833/833/833 834/834/834
f 793/793/793 835/835/835 794/794/794
f 793/793/793 834/834/834 835/835/835
f 794/794/794 836/836/836 795/795/795
f 794/794/794 835/835/835 836/836/836
f 795/795/795 837/837/837 796/796/796
f 795/795/795 836/836/836 837/837/837
f 796/796/796 838/838/838 797/797/797
f 796/796/796 837/837/837 838/838/838
f 797/797/797 839/839/839 798/798/798
f 797/797/797 838/838/838 839/839/839
f 798/798/798 840/840/840 799/799/799
f 798/798/798 839/839/839 840/840/840
f 799/799/799 841/841/841 800/800/800
f 799/799/799 840/840/840 841/841/841
f 800/800/800 842/842/842 801/801/801
f 800/800/800 841/841/841 842/842/842
f 801/801/801 843/843/843 802/802/802
f 801/801/801 842/842/842 843/843/843
f 802/802/802 844/844/844 803/803/803
f 802/802/802 843/843/843 844/844/844
f 803/803/803 845/845/845 804/804/804
f 803/803/803 844/844/844 845/845/845
f 804/804/804 846/846/846 805/805/805
f 804/804/804 845/845/845 846/846/846
f 805/805/805 847/847/847 806/806/806
f 805/805/805 846/846/846 847/847/847
f 806/806/806 848/848/848 807/807/807
f 806/806/806 847/847/847 848/848/848
f 807/807/807 849/849/849 808/808/808
f 807/807/807 848/848/848 849/849/849
f 808/808/808 850/850/850 809/809/809
f 808/808/808 849/849/849 850/850/850
f 809/809/809 851/851/851 810/810/810
f 809/809/809 850/850/850 851/851/851
f 810/810/810 852/852/852 811/811/811
f 810/810/810 851/851/851 852/852/852
f 811/811/811 853/853/853 812/812/812
f 811/811/811 852/852/852 853/853/853
f 812/812/812 854/854/854 813/813/813
f 812/812/812 853/853/853 854/854/854
f 813/813/813 855/855/855 814/814/814
f 813/813/813 854/854/854 855/855/855
f 814/814/814 856/856/856 815/815/815
f 814/814/814 855/855/855 856/856/856
f 815/815/815 857/857/857 816/816/816
f 815/815/815 856/856/856 857/857/857
f 816/816/816 858/858/858 817/817/817
f 816/816/816 857/857/857 858/858/858
f 817/817/817 859/859/859 818/818/818
f 817/817/817 858/858/858 859/859/859
f 818/818/818 860/860/860 819/819/819
f 818/818/818 859/859/859 860/860/860
f 819/819/819 861/861/861 820/820/820
f 819/819/819 860/860/860 861/861/861
